Unnamed: 0,tf_idx,target_idx,label
0,5740,14974,0
1,33454,27313,0
2,8704,35400,1
3,14129,27474,0
4,23016,19768,0
5,20807,31894,0
6,33775,20380,0
7,20015,33589,1
8,8704,20611,1
9,11413,3050,1
10,35201,24103,1
11,31809,2303,0
12,3595,33005,1
13,10717,29985,0
14,29144,5331,1
15,25759,23140,0
16,8359,33799,1
17,1224,16601,0
18,20904,83,1
19,31860,36291,1
20,34137,24283,1
21,14870,10783,0
22,5218,27722,0
23,25869,35660,1
24,20499,36570,0
25,14262,18649,0
26,31860,25635,1
27,25869,13206,1
28,519,26482,0
29,29719,11862,1
30,21794,22466,1
31,29031,1908,0
32,28344,29726,1
33,8752,20281,0
34,7751,28387,0
35,29195,7785,1
36,8704,23929,1
37,27609,12259,1
38,15341,24834,0
39,8752,21017,0
40,519,5168,1
41,29144,15968,1
42,35607,16962,0
43,15968,8989,0
44,28344,22089,1
45,19944,25635,1
46,16537,14866,1
47,23125,35512,1
48,24364,21098,1
49,28142,18104,1
50,29580,19647,0
51,8704,32232,1
52,27609,7186,1
53,13009,27205,1
54,17385,26941,0
55,33454,11978,0
56,19327,8203,0
57,28344,19608,1
58,33308,24932,1
59,18085,2482,1
60,21794,35605,1
61,20904,21447,1
62,21960,16872,1
63,5331,10548,1
64,17385,24706,0
65,29719,18311,1
66,18414,32398,0
67,13732,25530,0
68,21794,5875,1
69,34024,36301,0
70,7508,30533,1
71,27609,2203,1
72,32878,9411,1
73,30318,6337,0
74,35201,14442,0
75,17562,33530,1
76,25869,8921,0
77,33466,3918,1
78,23125,19037,1
79,24849,6515,1
80,29719,32091,1
81,8704,4725,1
82,10176,22768,0
83,1182,13596,1
84,12712,18676,0
85,14129,11174,0
86,21794,26568,1
87,2221,8620,0
88,17839,32529,0
89,12074,6745,0
90,29031,21772,0
91,19615,2263,1
92,6772,17076,0
93,25869,17077,1
94,11310,27656,1
95,1946,21663,0
96,20015,5414,1
97,21963,6566,0
98,29031,1913,0
99,30609,35929,1
100,15968,32935,1
101,15968,35780,1
102,20015,15968,1
103,31374,9065,0
104,11010,18803,0
105,29139,7619,0
106,4736,20653,0
107,13237,16860,0
108,24849,17182,1
109,11914,25558,0
110,20015,19376,0
111,33597,15181,1
112,13475,30294,0
113,21794,33466,1
114,13732,29462,0
115,31813,36232,0
116,35002,35805,0
117,21701,14664,0
118,23125,13894,1
119,1032,31001,0
120,27609,33990,1
121,12346,15042,1
122,8134,29919,0
123,8359,9977,1
124,17562,20840,0
125,23668,11432,0
126,5170,27873,1
127,29139,1902,1
128,22173,26260,0
129,15968,28052,1
130,8359,28069,1
131,31938,21496,0
132,2315,10297,1
133,28344,30569,1
134,30940,26813,0
135,5331,8510,1
136,36390,2908,0
137,21794,22339,1
138,19615,18466,0
139,5170,3968,1
140,31809,25333,0
141,17839,2046,1
142,20031,22675,0
143,553,30583,1
144,33613,5619,0
145,33613,1068,0
146,11914,19059,0
147,28544,28306,1
148,11327,24903,0
149,3565,10958,0
150,8950,10292,0
151,23990,27066,1
152,25869,21195,0
153,20015,8471,1
154,13302,103,0
155,12790,26269,1
156,19327,36341,0
157,21710,7174,1
158,920,29674,1
159,5170,19598,1
160,22403,16447,0
161,4797,1696,1
162,14083,24096,0
163,29143,21052,1
164,19452,25390,1
165,22384,4144,0
166,11972,2853,0
167,33308,20562,1
168,11833,15306,0
169,14019,33222,0
170,10528,10295,0
171,26342,16270,0
172,31809,20676,1
173,23014,1848,0
174,35064,27067,1
175,20031,4165,0
176,11423,29143,0
177,5331,16889,1
178,20015,32893,1
179,17562,2946,1
180,12790,12389,1
181,2221,19558,0
182,21794,19341,1
183,19327,13722,0
184,11820,23308,0
185,31504,15133,0
186,22384,4290,0
187,35637,26265,0
188,14083,7409,0
189,27586,20552,0
190,6700,25682,1
191,25759,21646,0
192,19615,4725,1
193,31813,23562,0
194,32147,24898,0
195,12712,26877,1
196,12790,8332,1
197,5331,4725,1
198,19452,9411,1
199,12346,10545,0
200,24364,19809,0
201,2562,30996,0
202,8704,6978,1
203,33775,14519,0
204,19327,21575,0
205,8704,34246,1
206,3765,20031,1
207,12520,28441,1
208,7219,32170,0
209,20031,29307,1
210,20904,20535,0
211,22403,29964,0
212,1182,19615,1
213,10717,29706,0
214,29317,5240,0
215,21710,6240,0
216,20015,28851,1
217,28344,10915,1
218,27586,20161,1
219,5740,5927,0
220,18529,11148,0
221,28344,15011,1
222,28344,2258,1
223,35108,10024,1
224,34191,10441,1
225,27609,16476,1
226,31540,10747,0
227,6069,11364,1
228,23014,15593,0
229,10557,20161,1
230,24364,34695,1
231,17169,30967,1
232,21605,31118,0
233,920,21740,0
234,32487,6812,0
235,13475,11603,0
236,20904,35410,1
237,21794,10552,1
238,21963,31495,0
239,21785,9048,0
240,6700,8327,1
241,11813,8456,0
242,19452,3595,1
243,4046,10441,1
244,28344,29455,1
245,31540,30696,0
246,13009,21449,0
247,22553,14233,0
248,11010,10790,0
249,14129,7158,0
250,31540,19178,0
251,33308,25390,1
252,24364,25759,1
253,17169,15181,1
254,33308,17839,1
255,36390,13325,0
256,11667,11405,0
257,11820,29110,0
258,4797,18368,1
259,17169,23645,0
260,25869,21197,0
261,33308,25493,1
262,17385,27873,1
263,13732,18104,1
264,4046,34338,0
265,35637,31896,0
266,32455,16359,1
267,28344,11000,1
268,17352,34961,0
269,4046,27095,0
270,12379,23252,0
271,29144,9843,1
272,31374,29439,0
273,31813,18281,1
274,2408,8852,1
275,8950,9574,0
276,32491,9492,0
277,16819,15152,0
278,21794,17718,1
279,15481,27427,1
280,31860,2990,1
281,21963,12756,0
282,18949,9846,0
283,29144,32857,0
284,7106,25138,0
285,22354,8423,1
286,25759,2996,0
287,24849,10717,1
288,27586,19342,0
289,15968,7791,1
290,4797,16712,0
291,28544,18501,0
292,13309,20992,0
293,5334,10039,0
294,33466,20616,0
295,21794,11862,1
296,5218,35172,0
297,29317,10457,1
298,20642,25396,0
299,12626,5414,0
300,6772,20671,0
301,20807,10139,0
302,4774,12716,1
303,15774,36077,0
304,20015,30967,1
305,29475,10848,0
306,5170,11862,1
307,29317,29069,0
308,11327,24504,0
309,18085,29846,0
310,33989,14785,0
311,31860,32106,1
312,28142,2381,0
313,35495,10945,0
314,19611,5982,1
315,19588,8504,0
316,10557,35604,1
317,11413,12644,1
318,32245,16482,1
319,15285,2863,0
320,7711,17700,0
321,32878,26047,0
322,33308,31085,1
323,28544,9768,1
324,7593,7132,1
325,8704,14875,1
326,33308,11813,1
327,33454,24718,0
328,24364,930,1
329,10557,19480,1
330,29144,12799,1
331,21785,20915,0
332,2408,32315,1
333,33662,12790,1
334,24403,15269,0
335,8704,24103,1
336,12379,1931,0
337,2375,26632,0
338,28344,19067,1
339,7508,36428,0
340,18949,8510,1
341,21960,15224,1
342,3538,12748,0
343,35660,29243,0
344,21794,12863,1
345,21794,20015,1
346,27609,9411,1
347,10143,1182,1
348,29475,33858,0
349,35786,2886,0
350,6069,7684,1
351,24559,19234,0
352,23346,17807,0
353,33308,30672,1
354,12407,7529,1
355,8704,7442,1
356,6987,16704,0
357,20015,11364,1
358,10557,13596,1
359,16153,3776,0
360,21794,8209,1
361,17869,2410,1
362,5334,35439,0
363,15968,20161,1
364,34191,21447,1
365,28344,30672,1
366,12401,19094,0
367,33597,2269,1
368,27586,25432,1
369,27586,24197,0
370,22384,11888,0
371,14083,34137,1
372,6700,35358,1
373,12790,5765,1
374,1182,20499,1
375,12790,1686,0
376,19615,29186,0
377,6700,5050,0
378,13309,16155,0
379,5331,30,1
380,12407,7115,0
381,35108,30004,1
382,15271,21643,0
383,23668,19067,1
384,31860,25390,1
385,16999,28130,0
386,27110,9596,0
387,21731,8375,0
388,17630,27656,1
389,29144,3538,1
390,24849,22958,0
391,7071,20691,0
392,13206,23122,0
393,21155,13862,1
394,29139,31379,0
395,21785,14275,0
396,5170,19850,1
397,15271,15170,0
398,6700,32806,0
399,33613,13152,0
400,12022,9924,0
401,6705,35342,0
402,8704,20524,1
403,11310,10660,1
404,25759,1624,0
405,29144,11862,1
406,34188,30280,0
407,8704,18214,1
408,20904,6196,1
409,19588,17255,0
410,1182,25891,1
411,20015,22078,1
412,2315,32126,1
413,28344,15005,1
414,19444,19486,1
415,10557,11862,1
416,1182,18368,1
417,21794,28365,1
418,15523,17582,1
419,24364,2049,0
420,20904,24496,1
421,1224,26922,0
422,8704,7013,1
423,21794,29114,1
424,11423,5753,0
425,20015,28664,1
426,17169,5099,0
427,21794,21932,0
428,29195,15323,0
429,8752,36181,0
430,20904,24270,1
431,30583,30540,0
432,29144,13756,1
433,35108,17880,0
434,24849,26700,1
435,5331,1902,1
436,15968,29640,1
437,10528,22426,0
438,24849,27483,1
439,20904,9411,1
440,11820,16733,0
441,3565,30326,1
442,138,11862,1
443,19615,804,1
444,5331,17607,1
445,12790,6705,1
446,5331,22354,1
447,6069,8608,1
448,5331,22527,1
449,2315,5768,0
450,10452,35810,0
451,29356,23620,0
452,21701,10755,0
453,20904,19452,1
454,11914,28340,1
455,15481,33122,0
456,11310,15345,1
457,24132,30672,1
458,29143,9843,1
459,5331,18376,1
460,36390,18969,0
461,31540,6764,0
462,11972,17368,0
463,10557,9388,1
464,7593,5203,0
465,4736,35783,0
466,30827,31268,1
467,33308,28142,1
468,24849,30534,0
469,31860,32126,1
470,27235,20794,0
471,24132,35050,0
472,1182,8468,1
473,5331,16246,1
474,33613,34861,0
475,26693,7459,0
476,29144,11874,1
477,2964,35764,0
478,5331,2139,1
479,24849,7822,1
480,8704,34925,1
481,29139,19342,0
482,24119,5669,0
483,20015,17077,1
484,33589,6010,0
485,21947,2031,0
486,20904,21081,1
487,33613,35660,1
488,9007,11051,0
489,29031,32899,0
490,14019,10676,0
491,10176,22634,0
492,5677,32924,0
493,33775,35552,0
494,5331,7697,1
495,20015,2640,1
496,15850,11180,0
497,33308,24198,1
498,11327,10633,0
499,23346,26461,0
500,8704,24771,1
501,2713,22914,0
502,14129,16384,0
503,21794,32239,1
504,35660,15514,0
505,23668,31758,1
506,12520,35170,0
507,27609,16958,1
508,10504,20241,0
509,6166,10028,0
510,28344,25390,1
511,19588,34722,0
512,31042,11322,0
513,13308,18712,1
514,27609,35679,1
515,21794,36291,1
516,15481,5972,0
517,27609,31520,1
518,19276,25209,0
519,15341,13151,0
520,25759,3552,0
521,35817,27397,1
522,21794,3513,0
523,34024,34925,1
524,20015,1758,1
525,6700,26528,1
526,24306,25745,0
527,8704,31048,1
528,10557,24090,1
529,20907,18494,0
530,20015,14004,1
531,5170,34248,1
532,35064,32397,1
533,10143,29198,1
534,33454,8194,0
535,19452,25869,1
536,1182,22078,1
537,2375,16492,1
538,21794,19452,1
539,8359,17479,1
540,17869,633,0
541,5331,29182,1
542,23668,17816,0
543,12544,5104,0
544,28142,117,0
545,21794,25730,1
546,27609,31343,1
547,24383,13617,0
548,2713,8573,0
549,5331,31891,1
550,21947,6456,1
551,18529,29840,0
552,13309,27554,0
553,8704,28904,1
554,5170,25759,1
555,23129,16423,0
556,10557,5543,1
557,20499,36308,0
558,29144,2740,1
559,33597,27734,1
560,5331,27000,1
561,24383,16956,0
562,8752,6700,1
563,17169,36448,1
564,20904,20521,1
565,21794,10717,1
566,30609,3935,0
567,8643,30130,0
568,35002,11779,1
569,15968,15338,1
570,27609,17672,1
571,22354,22199,0
572,4046,24395,0
573,5331,9334,1
574,29031,29654,1
575,17352,10143,1
576,16999,19037,0
577,24364,35742,1
578,17385,29440,1
579,35064,32893,1
580,21794,23929,1
581,19444,28060,0
582,18085,20831,0
583,9301,18241,0
584,24383,30768,0
585,7593,21155,1
586,23990,28185,0
587,28344,15768,1
588,5489,25635,1
589,1224,29800,0
590,5489,24496,1
591,31042,12875,0
592,33466,28320,0
593,20642,35195,0
594,25869,23219,0
595,28544,27467,1
596,15968,28344,1
597,24849,13596,1
598,31013,680,1
599,5331,32053,0
600,23349,3365,0
601,33597,25082,0
602,33308,11000,1
603,519,17672,1
604,138,14679,0
605,10557,11688,1
606,28344,2930,1
607,26342,15525,0
608,15774,1550,0
609,11667,2877,0
610,12626,724,1
611,34188,31268,1
612,28344,27008,1
613,31860,30503,1
614,21155,11894,0
615,21155,16358,0
616,15968,17800,0
617,6772,36342,0
618,11413,21603,0
619,10452,11769,1
620,20642,15476,0
621,1200,35821,0
622,15271,10055,0
623,24132,21740,1
624,16537,32134,1
625,5186,2946,1
626,30583,20161,1
627,519,13949,1
628,21960,32654,0
629,6772,29626,1
630,5170,5611,1
631,17630,16400,1
632,21794,33165,1
633,20015,14160,1
634,8704,14522,0
635,32491,21323,0
636,33308,33554,1
637,28344,17281,1
638,27609,7431,1
639,3595,2203,1
640,21794,23386,1
641,29326,26131,0
642,13308,22146,0
643,21794,28851,1
644,31813,8273,0
645,10591,24457,0
646,12790,13756,1
647,35637,15216,0
648,20015,17630,1
649,5331,27115,1
650,4959,16651,0
651,27110,29939,0
652,11423,10902,0
653,24383,34248,1
654,20015,32513,1
655,553,5414,1
656,28544,16793,0
657,24849,8635,0
658,12379,26786,1
659,3565,33308,1
660,15968,34199,1
661,6700,30672,1
662,8704,4732,1
663,27586,26445,1
664,2562,30403,0
665,11310,22362,0
666,10452,35522,1
667,3940,23021,1
668,7711,6241,0
669,6700,31325,1
670,1182,7418,1
671,29317,11984,0
672,8950,12178,0
673,12790,3566,1
674,33308,3595,1
675,25759,14585,0
676,20642,19825,0
677,18569,8468,1
678,8704,10902,1
679,21794,29014,0
680,8704,10441,1
681,8704,31268,1
682,21794,7952,1
683,15968,30024,1
684,2315,2066,1
685,33308,2931,1
686,8134,32887,0
687,15523,358,0
688,21031,32966,1
689,10504,12601,0
690,19452,22380,1
691,7106,31071,1
692,20807,18362,0
693,21701,28209,0
694,19615,24021,1
695,3843,3728,0
696,12022,12790,1
697,15968,5375,1
698,19615,2605,1
699,27609,28304,1
700,32245,15945,0
701,20015,23062,1
702,23990,18374,1
703,12401,36592,0
704,29144,1940,1
705,7051,18357,1
706,5331,2115,1
707,13206,25996,1
708,29144,18148,1
709,35002,26085,0
710,33466,31299,1
711,24383,28645,0
712,23125,8525,1
713,24849,20254,0
714,8359,19415,1
715,10591,29203,0
716,33613,11627,0
717,29195,16295,0
718,1200,28712,0
719,8338,4769,0
720,7106,9017,0
721,15271,32930,0
722,25759,27757,0
723,21710,5396,0
724,29356,8857,1
725,31860,1767,0
726,17839,16563,0
727,12346,35014,0
728,30563,15646,1
729,17869,4872,0
730,7219,25635,1
731,7711,24928,0
732,2562,6678,0
733,7106,12613,1
734,21785,5042,0
735,10504,5118,0
736,19615,13739,0
737,15968,11000,1
738,30318,965,0
739,5331,16347,1
740,34267,21131,1
741,33466,28244,0
742,26693,9335,0
743,10143,35288,1
744,12790,25635,1
745,21794,32106,1
746,17869,3573,0
747,26693,10484,0
748,27609,10041,1
749,17630,7882,0
750,16999,11862,1
751,2828,27651,0
752,29031,18979,1
753,21794,12519,1
754,27609,15627,1
755,30563,2180,1
756,19611,34245,1
757,35108,1157,1
758,1946,29625,0
759,23129,22699,0
760,35002,35823,1
761,24132,28790,1
762,29031,6171,1
763,4959,22122,0
764,8704,1636,1
765,33466,29214,0
766,33989,7269,0
767,5331,23990,1
768,27609,28907,1
769,10504,5775,0
770,35817,30454,0
771,29719,26023,0
772,11291,12742,0
773,2315,18180,1
774,35002,23015,0
775,5740,4949,0
776,21794,8474,1
777,24559,28148,1
778,12712,36366,0
779,15968,8846,1
780,23125,35403,0
781,10557,12143,1
782,27586,12644,1
783,12346,6647,0
784,8704,7529,1
785,33308,33434,1
786,15545,18498,0
787,15968,10473,1
788,23990,9798,0
789,18666,15968,1
790,6700,24364,1
791,2221,6312,0
792,5334,2068,1
793,29143,34451,0
794,22666,32687,0
795,28544,2150,1
796,29144,21979,1
797,27609,28412,1
798,24364,9411,1
799,33308,18068,1
800,10143,16203,0
801,27609,24273,1
802,34137,27213,1
803,22666,15673,1
804,19484,14149,0
805,5218,27681,0
806,29144,1090,0
807,8359,6769,0
808,6700,23466,1
809,12401,25086,0
810,10557,26022,0
811,29195,2640,1
812,7106,14646,1
813,29143,14023,0
814,16999,34996,0
815,2315,25635,1
816,1200,900,0
817,12022,16268,0
818,20031,35688,0
819,11291,24187,0
820,19588,26189,0
821,21794,20499,1
822,8704,5543,1
823,21794,5293,1
824,24403,26436,1
825,35817,20524,0
826,31938,14700,0
827,519,35533,0
828,12626,23096,1
829,21155,29543,0
830,19452,31032,0
831,33308,26663,1
832,31504,14593,1
833,23016,13031,0
834,22403,10646,0
835,32487,23971,0
836,8704,17607,1
837,21960,26569,0
838,27609,24600,1
839,29326,22340,0
840,29364,36099,0
841,16537,1747,0
842,20904,8852,1
843,28344,24796,1
844,21794,7386,1
845,16999,30335,1
846,33597,15855,0
847,30563,23341,1
848,32455,9449,0
849,13308,5610,0
850,22666,29653,1
851,19444,22560,0
852,519,3286,0
853,20904,14758,1
854,21794,11717,1
855,33615,34860,0
856,21963,16546,0
857,5489,28588,0
858,7071,1359,0
859,31809,21930,1
860,10452,22294,0
861,20907,18562,0
862,1224,2798,0
863,30827,13803,0
864,31013,2865,1
865,4046,32773,0
866,2221,5997,0
867,21155,11667,1
868,31591,5293,1
869,5331,18949,1
870,34267,9454,0
871,33308,19226,0
872,33466,18443,1
873,24849,1982,1
874,5331,21600,1
875,2191,35134,0
876,21605,15368,1
877,12407,7697,1
878,21794,29417,1
879,15968,5374,1
880,16999,20899,0
881,21794,12097,1
882,17630,9779,0
883,36390,12790,1
884,2315,30210,0
885,20904,31024,1
886,11667,11108,0
887,16819,28130,0
888,2753,10506,0
889,34267,34789,0
890,23125,13530,1
891,31263,3709,0
892,24849,17281,1
893,21794,6553,1
894,4774,12316,0
895,2315,20671,1
896,33589,26215,0
897,33454,7736,0
898,12626,19474,1
899,12790,3316,0
900,18529,27541,0
901,26590,15385,0
902,35201,14004,1
903,5331,29112,1
904,25869,14148,1
905,26342,25452,0
906,10557,32099,1
907,519,33308,1
908,17169,5181,0
909,35108,21948,1
910,32245,23127,0
911,29031,2275,0
912,5677,1586,0
913,35108,14873,1
914,5331,28851,1
915,15968,35057,1
916,23125,11426,1
917,28344,378,1
918,1182,10902,1
919,24364,14148,1
920,33308,12801,1
921,29144,31374,1
922,138,9411,1
923,5331,2640,1
924,10528,8544,0
925,1200,8227,0
926,33308,29195,1
927,3595,12080,1
928,21710,30593,0
929,31397,5679,0
930,10176,25635,1
931,19452,31024,1
932,7106,31686,0
933,13206,24659,0
934,1182,10441,1
935,33466,18442,1
936,1473,5623,0
937,23981,7132,1
938,6700,16369,1
939,19310,14062,0
940,31263,33880,0
941,24849,32031,1
942,29031,18523,1
943,22384,34245,0
944,13308,13530,1
945,11833,35464,1
946,14129,339,0
947,3538,19659,0
948,7219,8696,0
949,15968,6171,1
950,5218,34925,1
951,35817,7996,0
952,10717,24962,0
953,33308,16369,1
954,13206,21740,0
955,31938,576,0
956,18085,5294,0
957,8752,20514,1
958,12790,11862,1
959,20907,3513,1
960,10176,35384,0
961,29580,5769,0
962,6700,13255,1
963,23129,31234,0
964,31504,14666,0
965,8777,19432,1
966,15850,27733,0
967,6705,4853,0
968,29031,27873,1
969,10452,16347,1
970,24119,7933,0
971,3940,14004,1
972,31860,23544,0
973,4046,503,1
974,31860,20293,0
975,8338,28364,1
976,2315,32986,0
977,33308,4925,1
978,20015,23929,1
979,11667,24718,0
980,26342,33466,1
981,30583,32679,0
982,11820,6157,0
983,32147,15392,0
984,15968,22164,1
985,23990,29438,0
986,5170,20341,0
987,553,34477,0
988,24559,20161,1
989,27609,30333,1
990,13206,33158,0
991,6069,31169,1
992,20015,4929,1
993,29144,29250,1
994,3595,15309,0
995,22403,19958,0
996,2333,9163,0
997,35201,9310,1
998,4046,34144,0
999,19310,10430,0
1000,33158,23014,1
1001,31013,4414,0
1002,26590,18292,0
1003,7697,9680,0
1004,28544,30837,0
1005,21794,18970,1
1006,20904,6262,0
1007,5873,14098,0
1008,11820,16514,0
1009,12626,5170,1
1010,2315,25253,0
1011,23129,4111,1
1012,19444,33384,0
1013,19361,33104,0
1014,1182,20514,1
1015,21794,19922,1
1016,21794,31299,1
1017,33308,27008,1
1018,34191,24496,1
1019,35607,3447,0
1020,15968,264,1
1021,13237,8332,1
1022,22403,1897,0
1023,24849,16347,1
1024,33308,15193,1
1025,27942,9920,0
1026,29326,26473,0
1027,12379,32106,0
1028,11667,21155,1
1029,29364,30006,0
1030,16819,2142,0
1031,14226,10166,0
1032,17169,31454,0
1033,32245,23809,0
1034,21731,22089,1
1035,13302,14341,1
1036,12790,10970,0
1037,15968,28382,1
1038,31938,7717,0
1039,11413,23299,0
1040,12790,11997,1
1041,12544,18366,1
1042,28344,24954,1
1043,20642,33248,0
1044,35064,2946,1
1045,24119,14164,0
1046,8777,32910,0
1047,21794,19003,1
1048,26590,34911,0
1049,5331,7898,1
1050,36390,35044,0
1051,12401,18529,1
1052,23349,36280,0
1053,15968,35608,1
1054,31013,23042,1
1055,35786,15468,1
1056,15968,6077,1
1057,5331,9095,0
1058,2964,8450,0
1059,12407,31285,1
1060,13206,2271,0
1061,12544,33675,0
1062,24132,36573,0
1063,33613,29042,0
1064,8704,22078,1
1065,19452,13885,0
1066,19452,26370,1
1067,27586,7173,1
1068,1200,21048,0
1069,1182,14341,1
1070,21710,33340,0
1071,24403,3545,1
1072,14870,21847,0
1073,6069,20161,1
1074,27835,18151,0
1075,1182,11997,1
1076,7593,13853,0
1077,32487,30365,0
1078,21794,2482,1
1079,6069,6171,1
1080,2713,36170,0
1081,34137,8834,1
1082,33308,10079,1
1083,6166,18615,0
1084,35201,3649,1
1085,29475,19253,0
1086,12407,14823,0
1087,8359,598,1
1088,18569,2445,1
1089,7106,16775,0
1090,13216,10176,1
1091,10557,17304,1
1092,28344,930,1
1093,15968,33516,1
1094,24849,10453,1
1095,15968,26684,1
1096,32147,26201,0
1097,15968,29156,0
1098,35064,21116,0
1099,29144,2006,1
1100,15523,15650,0
1101,14262,30308,0
1102,24132,34063,0
1103,11193,28173,0
1104,5334,5107,0
1105,27586,6407,1
1106,5331,18254,1
1107,13206,28036,0
1108,11820,25400,0
1109,15285,11879,0
1110,8752,842,1
1111,8704,28010,1
1112,28544,30333,1
1113,2315,1761,1
1114,27586,5168,1
1115,13308,12230,0
1116,3595,9785,0
1117,13009,1030,0
1118,35786,13596,1
1119,21605,23480,0
1120,29364,34357,0
1121,35495,9987,0
1122,12407,30976,0
1123,33158,27656,1
1124,138,32607,0
1125,27609,6978,1
1126,27609,16993,1
1127,14129,6367,0
1128,11833,9171,0
1129,23129,3664,0
1130,17839,29153,0
1131,24849,17103,1
1132,13216,27656,1
1133,24849,31274,1
1134,3940,14261,0
1135,24849,27176,1
1136,35201,18380,1
1137,33775,19284,0
1138,21794,21052,1
1139,33308,138,1
1140,8704,4723,1
1141,12401,18430,1
1142,29144,8853,1
1143,5331,1463,1
1144,15968,6699,0
1145,23349,20544,0
1146,27609,2856,1
1147,12022,35628,0
1148,5677,18793,0
1149,35201,20675,1
1150,25869,17816,1
1151,11291,9806,0
1152,21701,774,0
1153,33308,11862,1
1154,33308,1266,1
1155,2964,7486,0
1156,16537,12379,1
1157,5186,27427,1
1158,7106,6069,1
1159,27942,21750,0
1160,17562,27513,0
1161,35637,6439,0
1162,15523,21013,0
1163,32487,1426,0
1164,21794,21123,1
1165,33597,2740,1
1166,33554,30672,1
1167,35108,15941,1
1168,28344,28664,1
1169,35817,760,0
1170,29144,13245,1
1171,17839,10421,0
1172,8134,15989,0
1173,2353,31389,1
1174,14129,20250,0
1175,8704,14593,1
1176,5170,16978,1
1177,19361,5703,0
1178,32147,34191,1
1179,23346,31212,0
1180,25759,19693,0
1181,29144,2640,1
1182,21794,21518,0
1183,22666,35529,0
1184,21794,26794,1
1185,12022,34261,0
1186,30563,5625,1
1187,15968,36401,1
1188,29144,29890,1
1189,19615,3318,0
1190,15968,23658,1
1191,24849,28344,1
1192,19452,30967,1
1193,13309,20679,0
1194,5331,25971,1
1195,24364,33271,0
1196,4774,7237,0
1197,32147,28303,0
1198,11667,3513,1
1199,7711,30583,1
1200,1032,15679,0
1201,32878,12439,0
1202,27609,26405,1
1203,20015,31268,1
1204,29144,13596,1
1205,23990,21482,0
1206,8643,16772,0
1207,24849,4929,1
1208,27586,32490,1
1209,24849,6546,1
1210,23946,13053,0
1211,23125,25739,1
1212,25869,18396,1
1213,21710,75,0
1214,20642,22784,0
1215,29195,34665,0
1216,20904,16007,1
1217,138,25171,0
1218,32455,21739,0
1219,32245,28029,0
1220,1182,13817,1
1221,21960,27258,0
1222,34191,8800,0
1223,33615,6810,0
1224,21924,4399,0
1225,2191,29198,1
1226,5331,10249,1
1227,7106,2263,1
1228,32878,27193,0
1229,34188,21081,1
1230,33308,6642,1
1231,21947,16631,0
1232,138,2523,0
1233,12544,12632,0
1234,23668,8697,0
1235,5331,26786,1
1236,29144,2269,1
1237,33662,18367,0
1238,11310,21757,1
1239,33466,3649,1
1240,2191,19581,0
1241,11972,20682,1
1242,24849,18368,1
1243,2946,13903,1
1244,11820,15938,0
1245,9021,26429,0
1246,1182,20161,1
1247,15285,19092,0
1248,31860,2444,0
1249,18414,23384,0
1250,17869,4757,0
1251,13216,512,0
1252,27744,896,0
1253,30583,1164,0
1254,8338,204,1
1255,4774,28957,0
1256,35607,8992,0
1257,7051,35397,0
1258,33597,2059,1
1259,18414,2585,0
1260,33308,29358,1
1261,21031,3548,0
1262,2315,16978,1
1263,17562,10899,0
1264,15467,346,0
1265,5873,22528,0
1266,1182,28917,1
1267,20499,29648,0
1268,12790,30853,0
1269,9301,2395,0
1270,16153,34459,0
1271,21701,2855,1
1272,20904,32896,1
1273,24559,28664,1
1274,21605,12252,0
1275,33597,10457,1
1276,23016,17527,0
1277,15968,5104,0
1278,24364,36596,0
1279,33466,13033,0
1280,31263,23647,0
1281,29143,28866,0
1282,31504,4119,0
1283,11010,26378,0
1284,10591,1776,0
1285,20015,27427,1
1286,2828,24559,1
1287,32147,14725,0
1288,10504,11426,1
1289,24306,11630,0
1290,35786,26370,1
1291,25869,11997,1
1292,24364,13989,1
1293,17169,23405,0
1294,15774,227,0
1295,31809,8596,1
1296,11310,20904,1
1297,14262,31921,1
1298,15271,7202,0
1299,14083,26020,0
1300,23129,25070,0
1301,138,8863,0
1302,29317,4855,0
1303,21031,16951,0
1304,20031,17556,0
1305,32487,5982,1
1306,21960,21458,0
1307,2828,18083,0
1308,10557,8852,1
1309,8359,7912,0
1310,6166,6364,0
1311,35786,17580,1
1312,16537,14496,0
1313,7106,19784,1
1314,19444,28980,0
1315,28344,32331,1
1316,26342,11667,1
1317,33308,13949,1
1318,14226,31565,0
1319,13309,1399,0
1320,21960,21779,1
1321,20499,25635,1
1322,3565,734,1
1323,7106,35637,1
1324,5331,9301,1
1325,31419,15968,1
1326,20907,6308,0
1327,9021,20107,0
1328,35495,7664,0
1329,27942,2605,1
1330,10452,18374,1
1331,20499,30672,1
1332,32212,27130,1
1333,31809,804,1
1334,29719,36502,0
1335,28344,20161,1
1336,8338,20246,0
1337,19588,232,0
1338,30563,21447,1
1339,28142,11380,0
1340,11327,19287,1
1341,26590,15061,0
1342,20015,18861,1
1343,5331,18925,1
1344,25869,11347,1
1345,8704,13596,1
1346,16999,5493,0
1347,27586,12237,1
1348,21605,13935,1
1349,17630,3608,0
1350,8134,23723,0
1351,15968,3803,1
1352,20015,8889,0
1353,10528,22561,0
1354,6069,11862,1
1355,13216,32072,1
1356,12022,20524,1
1357,35786,14280,0
1358,11813,33476,0
1359,20907,9411,1
1360,15285,19314,0
1361,33466,23651,1
1362,32212,3576,0
1363,23125,16779,1
1364,29144,6397,0
1365,24849,27090,1
1366,2375,4339,0
1367,21794,11997,1
1368,12520,13406,0
1369,1200,27987,0
1370,5873,19326,0
1371,24364,19245,1
1372,8752,15889,0
1373,21794,13596,1
1374,5170,14593,1
1375,23668,30088,1
1376,3765,6212,1
1377,21731,6193,0
1378,31860,19003,1
1379,29326,4664,0
1380,30563,19432,1
1381,2946,34246,0
1382,22666,7519,1
1383,12790,20161,1
1384,10504,25090,0
1385,15968,24439,1
1386,25869,34212,0
1387,11914,5170,1
1388,11413,31667,0
1389,31013,11310,1
1390,33308,23021,1
1391,5873,33420,0
1392,33158,20676,1
1393,2315,12875,1
1394,18414,18652,0
1395,13308,21019,0
1396,11972,24277,1
1397,3843,25187,0
1398,28344,34787,1
1399,28344,18942,1
1400,11413,4523,0
1401,15968,9951,1
1402,15968,21982,1
1403,21794,27131,0
1404,28344,28142,1
1405,27609,31873,1
1406,19944,34468,0
1407,6705,25760,0
1408,32245,12088,0
1409,19452,8890,0
1410,18666,27225,0
1411,31042,32002,0
1412,35637,20485,0
1413,31809,8562,0
1414,7219,4406,0
1415,4774,7374,0
1416,31860,34364,1
1417,35201,18777,0
1418,5331,15973,0
1419,10557,19916,0
1420,2333,36384,0
1421,5331,34925,1
1422,6069,24629,1
1423,10557,10440,1
1424,10176,4402,0
1425,2191,11394,0
1426,32487,17141,0
1427,12407,22872,0
1428,7106,35786,1
1429,1182,29185,1
1430,20031,26265,0
1431,29326,26879,0
1432,5186,20675,1
1433,7697,19553,0
1434,29195,17718,1
1435,8643,5861,1
1436,4046,17607,1
1437,21031,15368,1
1438,5331,6250,1
1439,27586,1066,1
1440,27609,24956,1
1441,5331,15507,1
1442,23946,24021,1
1443,17630,363,0
1444,1182,4325,1
1445,33308,8137,0
1446,13308,7688,0
1447,12626,10433,0
1448,15968,5759,1
1449,10557,1496,1
1450,27942,14506,0
1451,2375,21155,1
1452,2353,33775,0
1453,31809,18523,1
1454,20015,28916,1
1455,3940,9524,0
1456,12790,34248,1
1457,23349,18965,0
1458,19444,35784,0
1459,2753,24369,0
1460,15968,654,1
1461,28344,18139,1
1462,6700,35494,0
1463,32491,32798,0
1464,25759,29025,1
1465,20904,1940,1
1466,2315,29352,1
1467,18666,9107,0
1468,13309,7382,0
1469,5740,29943,0
1470,30609,12243,0
1471,11310,13035,0
1472,19327,16049,0
1473,30609,23004,0
1474,1182,25635,1
1475,21794,25350,1
1476,15968,13727,1
1477,6069,31201,1
1478,22384,35927,0
1479,15545,14376,0
1480,15968,18731,1
1481,17421,9409,0
1482,25869,2180,1
1483,10557,33090,1
1484,28344,18368,1
1485,8704,17109,1
1486,24119,26612,0
1487,31397,9867,0
1488,22666,13530,1
1489,27609,15253,1
1490,28344,33308,1
1491,33308,27324,1
1492,29143,7697,1
1493,13237,23476,0
1494,7106,26359,1
1495,12074,32343,0
1496,29139,4183,0
1497,28344,33466,1
1498,28344,17923,0
1499,5489,10209,1
1500,21794,29031,1
1501,28142,16223,1
1502,24849,35874,1
1503,13475,29575,0
1504,21794,18979,1
1505,2375,14071,0
1506,6772,32033,0
1507,7071,13855,0
1508,33466,8463,1
1509,12401,31444,0
1510,11413,27008,1
1511,3765,29712,0
1512,20015,20611,1
1513,2315,4929,1
1514,29326,33131,0
1515,9301,609,0
1516,5331,18119,1
1517,15271,23506,0
1518,11423,8440,0
1519,31504,25102,0
1520,24383,14939,0
1521,5740,34816,0
1522,5331,23946,1
1523,27609,15746,1
1524,1182,2040,1
1525,8704,27597,1
1526,4797,9815,1
1527,5489,34925,1
1528,19310,5138,0
1529,8704,10452,1
1530,920,20524,1
1531,20904,803,0
1532,11010,2643,0
1533,11972,19087,0
1534,5334,34437,0
1535,33308,11997,1
1536,21605,13596,1
1537,14129,14535,1
1538,21794,12807,1
1539,28344,14363,1
1540,33308,9536,1
1541,29143,13689,0
1542,5331,27942,1
1543,35201,9524,0
1544,19615,2839,1
1545,11291,29886,0
1546,33308,11938,1
1547,11010,15861,0
1548,7106,20469,1
1549,33597,34790,1
1550,30609,34019,0
1551,28344,18068,1
1552,13009,34533,0
1553,7593,26211,1
1554,21794,6783,0
1555,3565,29185,1
1556,10176,13312,0
1557,35064,13903,1
1558,15285,5271,0
1559,15285,15357,0
1560,24383,24073,0
1561,28544,20106,0
1562,16999,21605,1
1563,23981,10366,0
1564,35786,24956,1
1565,35607,16263,0
1566,21701,2752,0
1567,18666,29890,1
1568,33308,238,1
1569,31042,23218,0
1570,21794,25982,1
1571,24849,32577,1
1572,28344,16293,1
1573,18085,2968,0
1574,29195,1250,0
1575,24306,18210,0
1576,20015,30672,1
1577,27609,19983,1
1578,23016,5985,0
1579,33466,7657,0
1580,5489,20202,0
1581,30563,11862,1
1582,33662,7715,0
1583,11914,7032,0
1584,2315,28074,0
1585,4959,21228,0
1586,36390,31269,0
1587,18949,16360,1
1588,5489,19415,1
1589,1946,13989,1
1590,27609,7697,1
1591,31591,6822,0
1592,27110,24663,0
1593,5331,21924,1
1594,35201,24344,0
1595,29144,3231,0
1596,27942,20637,0
1597,21963,18850,0
1598,11667,3076,1
1599,10557,13817,1
1600,18666,29651,1
1601,5218,26795,0
1602,16537,17921,0
1603,16537,26761,0
1604,29139,14008,0
1605,29144,35605,1
1606,5170,12807,1
1607,20015,20499,1
1608,28344,13596,1
1609,20904,17077,1
1610,2946,16026,0
1611,33308,13894,1
1612,35064,17182,0
1613,15968,21837,1
1614,17421,14768,0
1615,1182,20522,1
1616,7751,17462,1
1617,31591,29565,0
1618,27609,18564,1
1619,21794,7684,1
1620,21794,29440,1
1621,27235,11997,0
1622,34267,22826,0
1623,24403,10334,0
1624,8704,8471,1
1625,16153,33930,0
1626,2333,11819,0
1627,35108,29123,1
1628,30554,20018,0
1629,16999,20161,1
1630,23349,11310,1
1631,4959,30229,0
1632,27609,24009,1
1633,21794,12582,1
1634,10717,2180,1
1635,27586,25369,0
1636,8704,13872,1
1637,17562,19115,0
1638,21701,27981,1
1639,33308,24966,1
1640,28977,4427,0
1641,20904,6874,1
1642,8704,31374,1
1643,30563,17816,1
1644,13308,26822,0
1645,27957,5976,0
1646,19452,27656,1
1647,14870,10453,1
1648,553,19644,0
1649,29317,22078,1
1650,20904,10453,1
1651,33597,14452,0
1652,20015,7013,1
1653,3595,19003,1
1654,2964,2713,1
1655,33308,34567,1
1656,23016,20897,0
1657,15481,35164,0
1658,35108,8681,1
1659,24364,7791,1
1660,10557,19488,1
1661,11413,15003,0
1662,27744,26738,0
1663,11972,35068,0
1664,2713,30597,0
1665,5489,1182,1
1666,2221,8704,1
1667,21794,28288,1
1668,15850,23913,0
1669,31809,8606,1
1670,10452,3840,1
1671,21031,6336,0
1672,6772,9752,1
1673,21794,19488,1
1674,33308,28024,1
1675,15341,10996,0
1676,5170,411,1
1677,23668,32991,1
1678,12790,2782,1
1679,9033,27230,0
1680,26388,32022,0
1681,5331,9895,1
1682,7051,8341,0
1683,23125,28423,0
1684,2315,7758,0
1685,2221,15545,0
1686,8752,30891,1
1687,14019,32553,0
1688,12401,18355,1
1689,33308,23217,1
1690,32147,26560,0
1691,2315,8472,1
1692,18949,11364,0
1693,8704,28664,1
1694,21031,15968,1
1695,24364,20161,1
1696,5334,13071,0
1697,33308,25376,1
1698,5331,9896,1
1699,23125,34903,1
1700,5873,31120,0
1701,28344,32078,1
1702,28344,13531,1
1703,15968,12471,1
1704,21794,6196,1
1705,18666,13817,1
1706,28142,5834,1
1707,28344,12663,1
1708,5331,12799,1
1709,33775,21757,0
1710,17169,7427,0
1711,35786,6104,0
1712,2333,20321,0
1713,15968,2387,1
1714,21794,19157,1
1715,10591,35137,0
1716,11972,12715,0
1717,5331,33338,1
1718,15968,8351,1
1719,8704,11747,1
1720,28544,30004,1
1721,14129,10154,0
1722,18529,5526,0
1723,21605,15629,1
1724,8704,36137,1
1725,15968,32932,1
1726,7711,8932,0
1727,21947,28213,1
1728,2315,2640,1
1729,25869,5304,1
1730,31419,32991,1
1731,5331,14355,1
1732,35637,8472,1
1733,5334,32954,0
1734,34267,29758,0
1735,33308,3565,1
1736,4959,21276,0
1737,32487,20284,0
1738,33466,3917,1
1739,21794,13206,1
1740,11914,5554,0
1741,24849,29828,1
1742,18949,1436,0
1743,21155,6407,1
1744,21794,15181,1
1745,15968,10552,1
1746,15285,701,0
1747,20015,33530,1
1748,31374,1920,0
1749,13732,16840,0
1750,10557,8857,1
1751,27586,28024,1
1752,20904,35605,1
1753,33308,8846,1
1754,29364,21618,0
1755,12790,15434,1
1756,15968,3735,1
1757,7711,24503,0
1758,6069,33046,0
1759,24559,23054,1
1760,1032,34188,1
1761,6772,8318,0
1762,10557,18355,1
1763,5331,2259,1
1764,33466,8826,1
1765,10528,17993,0
1766,22384,16037,0
1767,27235,13915,0
1768,28344,22627,1
1769,21947,15943,0
1770,20015,10557,1
1771,20907,34188,1
1772,3565,22156,0
1773,35786,21773,1
1774,1200,7987,0
1775,10528,11543,0
1776,21794,3524,1
1777,5740,8740,0
1778,24559,8704,1
1779,20031,14284,0
1780,5331,36386,1
1781,23981,18119,0
1782,10504,34140,0
1783,28344,16537,1
1784,21794,7308,1
1785,29144,26794,1
1786,18529,3172,0
1787,33308,35474,1
1788,21785,32465,0
1789,18949,10140,0
1790,21701,2990,1
1791,7697,20456,0
1792,24306,18327,0
1793,15968,1263,1
1794,12379,27409,0
1795,15523,32258,0
1796,7106,23735,1
1797,12074,17462,1
1798,5331,631,1
1799,11193,28336,1
1800,31540,3903,0
1801,21947,33314,0
1802,31809,33158,1
1803,27235,24686,0
1804,31809,11823,0
1805,21794,11688,1
1806,16999,17550,1
1807,4959,31393,0
1808,24364,32408,1
1809,35817,8114,1
1810,7593,3382,0
1811,27609,35739,1
1812,27957,19681,0
1813,21794,5719,1
1814,17385,8662,0
1815,24849,15238,1
1816,22354,10909,1
1817,31809,2500,1
1818,29144,18368,1
1819,3595,28344,1
1820,6166,29949,0
1821,12520,7015,0
1822,3538,19023,1
1823,24849,3940,1
1824,29031,20726,1
1825,2562,30455,0
1826,11310,5570,1
1827,30827,19566,0
1828,29144,24559,1
1829,20015,10441,1
1830,17421,14099,0
1831,31374,11526,0
1832,12379,36461,0
1833,29143,34830,1
1834,11193,3813,0
1835,8704,21052,1
1836,12520,2870,0
1837,21794,17949,1
1838,553,33530,1
1839,23125,35442,1
1840,3538,9942,0
1841,5489,8852,1
1842,7593,33081,0
1843,1032,7957,0
1844,23346,5166,0
1845,8338,5862,1
1846,4736,23290,0
1847,31809,2059,1
1848,16537,2406,0
1849,5186,15242,1
1850,25869,35605,1
1851,7051,33506,0
1852,11310,11862,1
1853,30583,17718,1
1854,920,3163,1
1855,33466,2500,1
1856,5873,12489,0
1857,12379,21092,0
1858,31374,8937,0
1859,33308,5168,1
1860,20015,17671,1
1861,22666,8414,1
1862,31013,22629,0
1863,27609,36223,1
1864,32147,35103,0
1865,12022,26515,0
1866,21794,28762,1
1867,11833,23611,0
1868,4736,33308,1
1869,27744,10494,0
1870,8359,31749,0
1871,34137,14790,0
1872,12379,5550,0
1873,6700,14148,1
1874,34188,2473,0
1875,15968,29456,1
1876,30318,28820,0
1877,21794,973,1
1878,13732,17370,0
1879,33308,15968,1
1880,10557,18368,1
1881,24403,4442,0
1882,23668,34995,0
1883,17169,31007,0
1884,20015,33165,1
1885,17562,33483,0
1886,15968,9971,1
1887,6700,14533,0
1888,21794,17374,1
1889,31540,3332,0
1890,1032,8947,0
1891,15774,29783,0
1892,18529,29718,0
1893,21794,411,1
1894,21947,11712,0
1895,21031,15370,0
1896,29195,27162,0
1897,19310,35296,0
1898,15968,8614,1
1899,28142,32382,0
1900,15271,26777,0
1901,24364,18861,1
1902,5331,1640,0
1903,28544,18523,1
1904,13216,27427,1
1905,3765,9284,0
1906,24132,15058,0
1907,10143,21731,1
1908,21794,25759,1
1909,31397,34810,0
1910,15968,21774,1
1911,11193,21029,0
1912,15968,21052,1
1913,7071,25104,0
1914,29144,29895,1
1915,31013,25996,1
1916,29144,10157,0
1917,7711,33896,0
1918,31813,19231,0
1919,29031,11862,1
1920,6700,33792,1
1921,35201,25398,0
1922,5170,5719,1
1923,5677,31906,0
1924,24132,1571,0
1925,15341,21708,0
1926,13216,24559,1
1927,8752,35786,1
1928,33613,29420,0
1929,22666,23014,1
1930,24364,1928,1
1931,35817,9362,0
1932,27835,32492,0
1933,5170,12045,1
1934,2408,8419,1
1935,20015,1940,1
1936,16537,27086,1
1937,4046,28851,1
1938,8704,4325,1
1939,27586,7747,0
1940,15968,17316,1
1941,138,32331,1
1942,29326,33530,1
1943,23668,22578,0
1944,12790,24421,0
1945,21963,13903,1
1946,138,24916,0
1947,28344,15968,1
1948,21924,638,0
1949,2333,26290,0
1950,30609,7547,0
1951,18085,24483,0
1952,24849,33473,1
1953,24306,33275,0
1954,27835,15804,0
1955,20015,1496,1
1956,17421,17393,0
1957,1182,13872,1
1958,16153,31392,0
1959,15271,1952,0
1960,32455,10591,1
1961,32878,12352,0
1962,21794,30910,1
1963,35495,17169,1
1964,33662,7419,0
1965,2562,9678,0
1966,5170,20422,1
1967,33466,26568,1
1968,10717,31623,0
1969,19944,9175,0
1970,4959,27656,1
1971,24403,23313,0
1972,27835,20524,1
1973,21960,4300,0
1974,22553,1722,0
1975,17630,15872,0
1976,33662,2206,1
1977,24364,29732,0
1978,10176,2331,1
1979,18666,8468,1
1980,35786,32513,1
1981,35607,20031,1
1982,1182,27427,1
1983,19615,5588,1
1984,21155,23016,1
1985,14870,2270,0
1986,35495,22354,1
1987,23129,28533,0
1988,28344,9411,1
1989,33589,32225,0
1990,27609,42,1
1991,15968,31809,1
1992,15285,2280,0
1993,2964,4678,0
1994,11820,21739,0
1995,15968,28983,1
1996,27609,36365,1
1997,31263,9943,0
1998,2315,28558,1
1999,11413,33653,1
2000,27609,418,0
2001,20015,13245,1
2002,35660,26818,0
2003,19615,32315,1
2004,35786,30678,1
2005,30318,4054,0
2006,25869,13989,1
2007,11413,29030,1
2008,5331,12514,1
2009,2753,2048,1
2010,35637,35522,1
2011,20904,20706,1
2012,8752,29890,1
2013,3843,6236,1
2014,15545,8332,1
2015,29143,13085,0
2016,29143,31097,1
2017,35064,2366,1
2018,24364,19341,1
2019,24383,4166,1
2020,11413,22991,0
2021,3843,1565,1
2022,18949,20622,0
2023,2408,15451,0
2024,30609,11474,0
2025,19452,13969,0
2026,35786,21899,1
2027,20015,1551,1
2028,33308,4827,1
2029,10557,2946,1
2030,21794,11142,1
2031,35064,17685,0
2032,17352,28630,0
2033,10557,31299,1
2034,12379,29729,0
2035,26693,2568,0
2036,1182,24737,1
2037,29326,24485,0
2038,28344,4166,1
2039,20904,32697,1
2040,19444,29303,0
2041,5331,13552,1
2042,6705,7141,0
2043,2315,14004,1
2044,32212,13607,0
2045,21794,20161,1
2046,11327,4938,0
2047,1182,33407,1
2048,31419,19356,0
2049,24849,15968,1
2050,28344,13817,1
2051,11413,26081,0
2052,12407,21052,1
2053,4797,4021,1
2054,12712,23283,0
2055,27744,31195,0
2056,32491,33103,0
2057,12626,30672,1
2058,34191,804,1
2059,553,24273,0
2060,8752,14099,1
2061,18414,32141,0
2062,21794,5170,1
2063,28344,24956,1
2064,21794,14593,1
2065,13009,35217,0
2066,1182,8852,1
2067,14870,19912,0
2068,6700,16293,1
2069,31419,16895,0
2070,31860,28558,1
2071,31540,7563,0
2072,7751,5005,0
2073,11193,13970,0
2074,14226,18121,0
2075,31809,20675,1
2076,33308,1066,1
2077,11413,3595,1
2078,15523,21071,0
2079,11914,21699,0
2080,31540,3978,1
2081,10796,6069,1
2082,20015,35605,1
2083,6166,8852,0
2084,3595,4925,1
2085,23014,13767,0
2086,22666,14929,1
2087,31591,20524,1
2088,31013,25175,0
2089,19615,18010,1
2090,30583,32605,0
2091,31419,21376,0
2092,19361,25470,0
2093,7051,19620,0
2094,2315,18421,0
2095,15545,36585,0
2096,33615,11783,0
2097,26590,9297,0
2098,20907,32697,1
2099,19327,14735,0
2100,18569,9442,0
2101,29580,6916,0
2102,18666,30014,0
2103,10452,26794,1
2104,33158,25748,0
2105,4797,12653,1
2106,14226,28751,0
2107,28544,546,0
2108,29143,11174,0
2109,20015,35400,1
2110,21960,23848,0
2111,5677,33254,1
2112,14129,14148,1
2113,17385,18132,0
2114,21794,33677,1
2115,7106,12407,1
2116,11914,27073,0
2117,19452,35882,0
2118,34188,6352,0
2119,10452,16359,1
2120,15968,13284,1
2121,22666,24315,0
2122,7593,16806,0
2123,20015,11747,1
2124,1182,33530,1
2125,7106,31270,1
2126,35201,30674,0
2127,11813,20854,0
2128,28544,34925,1
2129,29356,13090,0
2130,13308,16425,0
2131,3595,25278,0
2132,15285,27656,1
2133,2221,18994,0
2134,27835,28020,0
2135,22354,21172,0
2136,27609,28660,1
2137,16999,33118,0
2138,8704,5414,1
2139,7593,36154,0
2140,27957,25167,0
2141,21794,13989,1
2142,33597,24457,1
2143,19588,26362,0
2144,20499,12790,1
2145,7711,21605,1
2146,22354,21449,0
2147,20015,29317,1
2148,33613,16044,0
2149,15968,17281,1
2150,5170,16781,1
2151,519,16022,0
2152,31591,11423,1
2153,21794,32513,1
2154,6987,12440,0
2155,20031,29451,0
2156,2221,32619,0
2157,33554,3839,0
2158,7106,8675,1
2159,12790,27678,1
2160,29143,2139,1
2161,22173,12959,0
2162,29139,19583,0
2163,28544,15941,1
2164,5331,28532,0
2165,13206,10318,0
2166,5218,18130,0
2167,20015,32190,1
2168,17352,20807,0
2169,30563,13989,1
2170,11667,20506,0
2171,10557,13906,1
2172,35637,13989,1
2173,3940,18682,0
2174,12346,18369,0
2175,21605,10902,1
2176,20015,35786,1
2177,2946,7992,0
2178,23981,33247,0
2179,28344,31263,1
2180,34137,34989,0
2181,1182,30533,1
2182,19361,2058,0
2183,27957,24118,0
2184,33308,25902,1
2185,5186,20161,1
2186,15850,12022,1
2187,12379,26789,0
2188,35108,13887,1
2189,21794,26505,0
2190,7051,18672,0
2191,28344,20864,1
2192,8950,34439,0
2193,35786,11928,1
2194,30940,30840,0
2195,7106,13046,1
2196,35637,17359,0
2197,17839,26,0
2198,13206,13986,0
2199,32147,24420,0
2200,22384,17090,0
2201,35786,32514,1
2202,24849,12405,1
2203,31938,27045,0
2204,10557,21946,1
2205,28544,28945,1
2206,2191,1182,1
2207,26590,26813,0
2208,20642,24883,0
2209,33158,24720,0
2210,28344,19548,1
2211,19944,28855,0
2212,34137,18973,0
2213,29031,22618,0
2214,25759,13362,0
2215,32487,28544,1
2216,12074,34887,0
2217,20807,28325,0
2218,10557,32725,1
2219,35607,22530,0
2220,21701,14160,1
2221,5186,25066,0
2222,12790,3252,0
2223,13302,25162,0
2224,35786,34228,1
2225,8704,1315,0
2226,33615,17839,1
2227,22384,7460,0
2228,519,34926,1
2229,20015,4723,1
2230,10591,21381,0
2231,3940,28440,0
2232,20015,2855,1
2233,34137,36522,0
2234,20015,8468,1
2235,21794,13531,1
2236,14083,16925,0
2237,12407,25351,0
2238,21794,10932,1
2239,33308,6407,1
2240,24364,14231,1
2241,7071,2103,0
2242,14262,28340,1
2243,28344,15124,1
2244,2315,25538,1
2245,3765,28664,1
2246,32491,3776,0
2247,12520,33957,0
2248,24132,16978,1
2249,24119,32148,0
2250,24403,18827,0
2251,15968,13862,1
2252,32147,21728,0
2253,12790,20499,1
2254,9021,5164,0
2255,8752,12919,1
2256,13009,13901,0
2257,23946,33459,0
2258,6069,808,0
2259,10557,11997,1
2260,25869,9540,0
2261,12022,10126,0
2262,10176,13989,1
2263,19444,20331,0
2264,1182,27213,1
2265,21794,27873,1
2266,15968,20799,1
2267,33308,33653,1
2268,33597,26272,1
2269,32455,32047,0
2270,6069,16223,1
2271,32491,33534,1
2272,1182,21963,1
2273,19452,34944,0
2274,25869,9411,1
2275,11413,34926,1
2276,7106,26087,1
2277,27609,2630,1
2278,35201,25302,0
2279,14019,12113,0
2280,13237,27988,0
2281,15968,21031,1
2282,24849,27617,1
2283,33158,35118,0
2284,5331,25499,1
2285,20015,24956,1
2286,21794,34074,1
2287,1200,9194,0
2288,34191,12280,1
2289,27609,5218,1
2290,8643,33238,0
2291,20015,21979,1
2292,27586,27008,1
2293,35660,21493,0
2294,33308,21031,1
2295,11310,10717,1
2296,27609,7588,0
2297,8704,2448,1
2298,20015,1636,1
2299,24119,34120,0
2300,12790,4166,1
2301,5331,15210,1
2302,1973,2860,0
2303,22384,32596,0
2304,4797,13087,0
2305,17839,33127,0
2306,3538,9764,0
2307,8704,16862,1
2308,19361,6612,0
2309,14870,35755,0
2310,2375,14323,0
2311,31540,1034,0
2312,14997,13284,0
2313,1946,17111,0
2314,2353,23479,1
2315,5186,10284,0
2316,8704,20114,1
2317,25869,21052,1
2318,28344,30025,0
2319,1182,29111,1
2320,21155,36574,0
2321,3565,6668,0
2322,7697,26804,1
2323,28344,16086,1
2324,6069,15571,1
2325,24403,6736,0
2326,19611,22250,0
2327,29031,26571,0
2328,23016,23503,1
2329,35607,16265,0
2330,28544,31299,1
2331,12401,4860,0
2332,12401,29671,0
2333,31809,30891,1
2334,28344,29144,1
2335,22666,12552,0
2336,11291,24587,0
2337,32491,29419,0
2338,20015,2448,1
2339,17630,17839,1
2340,8950,18390,0
2341,10557,12626,1
2342,35660,12,0
2343,14226,19023,1
2344,29317,3925,0
2345,17421,32615,0
2346,4959,1763,0
2347,33597,19338,1
2348,21785,20603,0
2349,8704,12863,1
2350,22403,5174,0
2351,25869,5841,1
2352,19588,16741,0
2353,28344,32408,1
2354,3940,25771,0
2355,11327,25534,0
2356,11327,14021,0
2357,29195,29622,0
2358,22354,23474,1
2359,23346,8071,1
2360,28142,33308,1
2361,11413,13949,1
2362,20904,14094,1
2363,6772,29094,0
2364,20904,13538,0
2365,33989,1205,0
2366,29195,20514,1
2367,27835,14725,0
2368,2946,31299,1
2369,31013,17520,0
2370,35201,25996,1
2371,26693,9656,0
2372,22666,5798,1
2373,33308,19037,1
2374,34137,7487,1
2375,33597,15416,0
2376,23129,13800,0
2377,32212,4616,0
2378,8704,14950,1
2379,30583,13817,1
2380,24132,5019,1
2381,5489,15242,1
2382,29719,34615,1
2383,23016,20444,0
2384,12022,24399,0
2385,27609,33358,1
2386,12790,27744,1
2387,2946,13679,0
2388,35108,177,1
2389,21701,528,0
2390,24559,15036,1
2391,35108,13507,1
2392,31263,34903,1
2393,33589,110,0
2394,5331,6589,0
2395,2713,21040,0
2396,5170,24090,1
2397,3843,30847,0
2398,5489,2640,1
2399,29144,21269,1
2400,20499,7314,1
2401,29144,17607,1
2402,25869,8777,0
2403,21794,2855,1
2404,18666,10097,0
2405,8704,18565,1
2406,21794,8332,1
2407,24132,3649,1
2408,33466,923,0
2409,5334,4641,0
2410,27586,36416,1
2411,15523,4486,0
2412,8134,7751,1
2413,33466,20674,1
2414,29144,18357,1
2415,9301,20702,0
2416,21947,10457,1
2417,20015,3940,1
2418,19310,3646,0
2419,20907,7118,1
2420,12790,14262,1
2421,8338,21412,1
2422,16537,23067,0
2423,31591,1263,1
2424,31809,10473,1
2425,7106,14593,1
2426,15968,16796,1
2427,29356,4980,0
2428,5489,35608,1
2429,23125,7529,1
2430,34137,29118,0
2431,11291,5626,0
2432,35786,2640,1
2433,13302,22896,0
2434,3595,32798,0
2435,7106,13522,1
2436,7051,19145,0
2437,8704,21923,1
2438,18414,7827,0
2439,5331,5001,1
2440,553,21713,0
2441,29326,33285,1
2442,19484,9023,0
2443,20499,33607,0
2444,4797,22519,0
2445,28544,1001,1
2446,33466,35950,0
2447,920,5434,1
2448,10528,4726,0
2449,10484,29299,0
2450,6700,34284,0
2451,11972,24559,1
2452,18666,25896,1
2453,32455,8510,1
2454,10484,8752,1
2455,33554,2144,0
2456,20015,13881,1
2457,14262,20952,0
2458,5331,13930,1
2459,1182,33143,0
2460,29144,24383,1
2461,1473,15514,0
2462,27609,32254,1
2463,1973,16263,0
2464,28344,19617,0
2465,29144,2558,0
2466,29144,20161,1
2467,1200,11862,1
2468,23016,23544,0
2469,26388,35404,0
2470,10557,20015,1
2471,28344,8463,1
2472,30609,3431,0
2473,21924,36272,0
2474,6069,28344,1
2475,6700,17058,0
2476,11193,24866,0
2477,7071,20134,1
2478,11010,20378,0
2479,3843,5915,0
2480,30940,17598,0
2481,15481,31731,0
2482,24559,20521,1
2483,29195,11519,0
2484,21155,27627,0
2485,17630,23016,1
2486,5331,8086,1
2487,15968,4766,1
2488,3940,3087,0
2489,31042,19252,0
2490,15271,11754,0
2491,31013,19798,0
2492,2221,36256,0
2493,20904,14148,1
2494,12790,21281,1
2495,20904,26439,0
2496,14083,27133,0
2497,35201,34723,0
2498,31809,30850,0
2499,15968,15124,1
2500,31419,29524,0
2501,4797,16872,1
2502,24849,12807,1
2503,17421,35758,0
2504,14019,7533,1
2505,20015,29280,1
2506,21794,15005,1
2507,5186,19023,1
2508,21794,14231,1
2509,10452,11768,1
2510,22666,19904,1
2511,11667,7593,1
2512,33597,11862,1
2513,9007,31286,0
2514,27942,28336,1
2515,31591,4142,0
2516,17169,20572,0
2517,31540,32021,0
2518,31591,35037,0
2519,11291,35994,0
2520,30827,10453,1
2521,27609,15626,0
2522,25759,5688,0
2523,8704,18949,1
2524,13308,22289,0
2525,24849,33417,1
2526,32878,26409,0
2527,8359,25430,0
2528,13475,980,1
2529,11310,36316,0
2530,20904,5418,1
2531,31809,8462,1
2532,17169,32413,1
2533,20015,2066,1
2534,29144,6511,1
2535,27609,29517,1
2536,31938,33124,0
2537,21794,22489,1
2538,24849,35189,1
2539,27609,7328,1
2540,8704,32896,1
2541,32487,20611,0
2542,21794,1032,1
2543,24132,10090,0
2544,12407,468,1
2545,29326,4782,0
2546,12407,11350,0
2547,8752,2235,1
2548,6700,21891,1
2549,29580,9738,0
2550,20015,14875,1
2551,15481,24057,0
2552,27744,18979,1
2553,21960,21052,1
2554,2946,8992,0
2555,23016,32595,0
2556,23125,27601,1
2557,27586,16887,0
2558,138,22140,0
2559,21794,19019,1
2560,12544,30124,0
2561,23014,2648,0
2562,23349,27350,0
2563,24849,13258,0
2564,19452,12626,1
2565,34191,10539,0
2566,3940,10329,0
2567,24849,1933,1
2568,16153,18737,1
2569,21794,30875,1
2570,2333,1026,0
2571,7106,20820,1
2572,27586,11445,1
2573,3843,22070,0
2574,30318,599,0
2575,11423,20626,1
2576,10528,10365,0
2577,22553,9563,0
2578,5489,4720,1
2579,12022,14713,0
2580,19588,30108,0
2581,15850,16773,0
2582,30583,29831,0
2583,1473,19894,0
2584,34137,10440,1
2585,24849,26686,1
2586,11310,34364,1
2587,29031,2333,1
2588,3595,14127,0
2589,21963,14272,0
2590,15467,1280,0
2591,14019,19584,0
2592,13308,32702,0
2593,4959,34139,0
2594,8704,19337,1
2595,18666,23210,0
2596,8704,14004,1
2597,35637,10043,1
2598,19327,6117,0
2599,15968,9139,1
2600,9021,24618,0
2601,33308,32262,1
2602,9021,23940,0
2603,32487,26048,0
2604,13216,35605,1
2605,29139,9843,1
2606,6069,32155,1
2607,12407,16372,1
2608,27942,35339,0
2609,14083,12051,0
2610,7508,35905,0
2611,17421,13505,0
2612,8704,33254,1
2613,31419,21104,0
2614,2946,21963,1
2615,26388,28306,1
2616,29144,2139,1
2617,29364,35819,0
2618,29195,27325,0
2619,2333,31891,0
2620,6069,3649,1
2621,30583,1518,0
2622,21794,32190,1
2623,35064,33597,1
2624,20015,13862,1
2625,18414,12715,0
2626,24306,17971,1
2627,11310,11997,1
2628,17839,15765,1
2629,33308,7533,1
2630,29031,8577,0
2631,22173,22329,0
2632,1973,9352,0
2633,15467,11667,1
2634,7106,11722,0
2635,8704,1551,1
2636,15968,8666,1
2637,15968,11997,1
2638,9007,17824,0
2639,17385,7286,0
2640,20904,10557,1
2641,29144,20509,1
2642,15774,8598,0
2643,17630,185,0
2644,20907,13531,1
2645,28344,30088,1
2646,24559,3146,1
2647,5331,31268,1
2648,3595,28562,0
2649,32491,31361,0
2650,27609,13381,1
2651,28344,14364,1
2652,16537,34790,1
2653,2315,20915,0
2654,23946,4871,0
2655,14019,5346,0
2656,31263,9881,0
2657,27609,19174,1
2658,17169,28210,0
2659,35786,35452,1
2660,21794,32138,1
2661,14997,4081,0
2662,31860,4929,1
2663,28344,20114,1
2664,8704,11688,1
2665,10176,10649,0
2666,6705,26974,0
2667,27609,13827,1
2668,33466,10312,0
2669,11010,443,0
2670,17385,11357,1
2671,10557,1029,0
2672,26590,2638,0
2673,33308,3542,1
2674,31813,6103,0
2675,1473,6924,0
2676,17630,5977,0
2677,15968,9411,1
2678,6700,21890,1
2679,33308,8884,1
2680,4774,6712,0
2681,4959,8586,0
2682,35108,3550,0
2683,5186,33677,1
2684,21155,5478,0
2685,21947,31989,0
2686,24849,27609,1
2687,3843,19946,0
2688,17169,27942,0
2689,21731,33308,1
2690,10452,32158,1
2691,12544,31999,0
2692,21605,13308,1
2693,35201,21656,1
2694,2562,28552,0
2695,3843,24588,0
2696,5489,23105,0
2697,17352,16719,0
2698,16819,25331,0
2699,27835,14517,0
2700,21924,25501,0
2701,16999,17337,0
2702,29144,29495,0
2703,23346,16491,0
2704,6987,11641,0
2705,21794,18942,1
2706,28344,23021,1
2707,553,34137,1
2708,7219,8414,0
2709,28344,6295,1
2710,12346,12050,0
2711,35201,12849,0
2712,519,29030,1
2713,5331,9843,1
2714,11667,21596,0
2715,2713,16087,1
2716,21794,17223,0
2717,10452,8510,1
2718,10504,5590,0
2719,3565,17145,0
2720,30940,36026,0
2721,6700,24559,1
2722,6069,33530,1
2723,10452,18671,1
2724,12626,29464,0
2725,21605,5569,0
2726,5489,7785,1
2727,31860,16043,0
2728,21794,19480,1
2729,24383,21973,0
2730,21960,20365,0
2731,11914,2150,1
2732,15341,26877,1
2733,27235,4743,0
2734,12407,23125,1
2735,13237,9386,0
2736,22384,35486,0
2737,19615,19922,1
2738,20015,18556,1
2739,15271,11667,1
2740,20907,6196,1
2741,138,30649,1
2742,8134,12544,1
2743,18414,33466,1
2744,19615,31173,1
2745,35607,24496,1
2746,1182,31176,0
2747,32491,18949,1
2748,29143,30227,0
2749,3765,8415,1
2750,21794,13817,1
2751,2315,2149,1
2752,9301,15021,0
2753,19944,33271,0
2754,15545,3939,0
2755,15968,21367,1
2756,15481,10991,0
2757,17169,22147,0
2758,24132,15635,0
2759,3595,29039,0
2760,20904,34970,1
2761,33308,6069,1
2762,15968,170,1
2763,13732,9124,0
2764,32455,21302,0
2765,8704,2482,1
2766,15523,36400,0
2767,21794,26723,1
2768,31591,32106,1
2769,11310,13795,1
2770,15341,17181,0
2771,23125,16372,1
2772,33308,20563,1
2773,29317,10065,0
2774,27942,28790,1
2775,27609,17281,1
2776,22403,9460,0
2777,8704,26102,1
2778,13216,8345,0
2779,6166,35249,0
2780,29317,35830,1
2781,29475,7704,0
2782,24403,25218,0
2783,2333,5807,1
2784,21924,10452,1
2785,2375,16931,0
2786,22173,36044,0
2787,14870,19653,0
2788,5170,19400,0
2789,4046,4517,0
2790,22553,7610,0
2791,20642,376,0
2792,10528,21267,0
2793,28344,13949,1
2794,35495,11092,0
2795,8338,5982,1
2796,2315,17462,1
2797,10484,28436,0
2798,29144,10452,1
2799,18666,20514,1
2800,5331,34696,0
2801,7051,27366,0
2802,17630,10453,1
2803,19588,34173,0
2804,6987,810,0
2805,18529,28344,1
2806,2375,17519,0
2807,2828,19303,0
2808,1182,15242,1
2809,5489,6700,1
2810,33308,12045,1
2811,2221,16665,0
2812,11833,3525,0
2813,11423,35841,1
2814,2221,10143,0
2815,3565,29994,0
2816,35108,14652,1
2817,9007,11862,1
2818,17869,6756,0
2819,19310,31903,0
2820,3565,35024,0
2821,1182,32106,1
2822,19452,21605,1
2823,17169,10649,0
2824,11914,24453,0
2825,18666,18079,0
2826,35637,31024,1
2827,10557,27777,1
2828,12022,35272,0
2829,8704,1496,1
2830,5331,12807,1
2831,20015,12659,1
2832,29144,20645,1
2833,2333,7779,0
2834,15968,11862,1
2835,1973,11800,0
2836,4046,36051,0
2837,10176,11002,0
2838,17630,6566,0
2839,10591,36022,0
2840,29475,8875,0
2841,21794,28344,1
2842,5331,9740,0
2843,15968,1733,1
2844,138,5455,0
2845,11667,23016,1
2846,29317,14951,0
2847,7711,16999,1
2848,9007,13883,0
2849,27609,21138,1
2850,20015,14593,1
2851,31591,13245,1
2852,10796,15269,0
2853,6069,13791,1
2854,15285,17583,0
2855,23014,33473,1
2856,29144,7785,1
2857,33308,15245,0
2858,2408,2450,0
2859,10717,13862,1
2860,14870,11728,0
2861,15968,19341,1
2862,18569,13862,1
2863,1946,5192,0
2864,1182,17077,1
2865,7219,13448,0
2866,22553,287,1
2867,21794,21281,1
2868,33308,31263,1
2869,31860,34925,1
2870,1473,17848,0
2871,553,24540,0
2872,20904,13817,1
2873,33775,18957,0
2874,33597,2482,1
2875,15774,11491,0
2876,19944,14054,0
2877,15481,25103,0
2878,2946,27528,0
2879,2946,33252,1
2880,8704,646,1
2881,2315,9411,1
2882,21963,27497,0
2883,24559,17869,1
2884,1946,25826,0
2885,7051,11697,0
2886,10557,14599,1
2887,8704,9088,1
2888,26693,27225,0
2889,23129,32287,0
2890,14129,9884,0
2891,12790,33308,1
2892,5186,23217,1
2893,20642,24720,0
2894,16153,12618,0
2895,4736,24629,1
2896,19611,5178,0
2897,20015,20626,1
2898,8338,28082,0
2899,29144,11997,1
2900,11833,31201,1
2901,8338,16236,0
2902,4736,9312,0
2903,27609,21270,1
2904,11820,10026,0
2905,22666,1716,0
2906,7071,16213,0
2907,20499,16409,0
2908,11972,1270,0
2909,4959,20872,0
2910,24364,34340,1
2911,30563,13206,1
2912,21785,36179,0
2913,33589,18132,0
2914,29475,36042,0
2915,8704,29890,1
2916,17839,26161,0
2917,5170,23605,0
2918,1200,14908,0
2919,29356,34962,0
2920,21924,7569,0
2921,20904,7118,1
2922,5873,24048,0
2923,21960,27666,0
2924,21710,18233,0
2925,22666,20814,0
2926,33308,31597,1
2927,21701,30490,0
2928,10528,22654,0
2929,920,14885,0
2930,17630,8663,0
2931,3940,16389,0
2932,5170,3783,0
2933,33589,8898,0
2934,21031,6786,0
2935,5489,27746,0
2936,16999,29890,1
2937,20015,10452,1
2938,21605,2180,1
2939,27609,16833,1
2940,4797,26928,0
2941,27586,13949,1
2942,35201,31201,1
2943,26590,12681,0
2944,27744,9705,0
2945,5331,28916,1
2946,12626,29417,1
2947,12407,11653,0
2948,35201,14950,1
2949,16537,28344,1
2950,4736,20626,1
2951,28344,32619,0
2952,7751,10105,0
2953,2315,36291,1
2954,3565,27188,0
2955,33308,14004,1
2956,28344,6094,1
2957,1200,3078,0
2958,15968,9704,1
2959,15523,14222,0
2960,26342,2331,1
2961,24119,27582,0
2962,18666,7416,0
2963,23990,2610,0
2964,10484,30672,1
2965,15968,34713,1
2966,21155,36477,0
2967,23668,33454,1
2968,29144,11938,1
2969,20015,29417,1
2970,3843,7104,0
2971,21794,24318,0
2972,15968,9519,1
2973,6069,35497,1
2974,33615,36070,0
2975,10717,20904,1
2976,23125,34926,1
2977,10557,32413,1
2978,15968,29181,1
2979,11813,6407,1
2980,29139,25153,0
2981,1182,2640,1
2982,5331,16765,1
2983,30940,32331,1
2984,17169,16088,1
2985,21794,18357,1
2986,24849,2726,0
2987,22666,34118,0
2988,2828,4308,0
2989,27110,11435,0
2990,1182,21605,1
2991,29144,19338,1
2992,11813,8953,0
2993,21947,27481,1
2994,21031,9951,1
2995,21605,21281,1
2996,33466,35627,1
2997,19611,28544,1
2998,8704,29040,1
2999,19452,20904,1
3000,28344,7164,0
3001,18666,19488,1
3002,5331,11862,1
3003,20015,11193,1
3004,8338,10073,0
3005,23014,628,0
3006,29143,26267,0
3007,33615,8774,0
3008,14870,29010,1
3009,29144,31861,1
3010,29144,32045,1
3011,12407,15052,1
3012,5489,21117,1
3013,10796,33473,1
3014,12790,28344,1
3015,6772,29623,1
3016,15968,10984,1
3017,21947,30437,0
3018,31540,18585,0
3019,21701,23096,1
3020,8704,21447,1
3021,34188,17718,1
3022,12346,28301,0
3023,35201,20139,1
3024,6700,19844,1
3025,32147,26144,0
3026,11310,34397,1
3027,21794,3857,1
3028,12407,14083,1
3029,15850,27116,0
3030,22666,4835,1
3031,24364,219,1
3032,2408,10003,0
3033,27609,18395,1
3034,29144,3819,1
3035,29143,31096,0
3036,8777,20731,0
3037,30318,18584,1
3038,35660,2971,0
3039,20904,33530,1
3040,13309,8269,0
3041,9301,32035,0
3042,21794,20114,1
3043,18666,17860,0
3044,30583,3983,1
3045,13009,36154,0
3046,19452,11034,0
3047,19611,26093,0
3048,27609,3143,0
3049,29031,19922,1
3050,1182,3638,1
3051,21794,5611,1
3052,10557,29610,1
3053,18414,7355,0
3054,21794,23735,1
3055,31809,6069,1
3056,2408,10457,1
3057,23946,19615,1
3058,24119,4333,1
3059,15968,30088,1
3060,23014,19023,1
3061,4046,3842,0
3062,19452,31686,0
3063,20904,4352,1
3064,29139,33254,1
3065,11310,17380,0
3066,10452,25993,0
3067,23668,24504,0
3068,8359,21684,0
3069,20015,8510,1
3070,12407,12863,1
3071,22384,24577,0
3072,8704,18368,1
3073,21794,3978,1
3074,5873,35528,1
3075,5186,10736,0
3076,34267,5918,0
3077,3565,25216,0
3078,33597,31063,0
3079,28344,29890,1
3080,4774,22003,0
3081,8338,22438,1
3082,27235,33689,0
3083,35064,6112,0
3084,31813,29807,0
3085,21794,29150,1
3086,8359,31826,0
3087,3843,25005,0
3088,10796,31638,0
3089,35786,835,0
3090,8704,28916,1
3091,14129,27049,0
3092,20807,1006,1
3093,33615,5172,0
3094,25869,20675,1
3095,33308,32331,1
3096,15968,22320,1
3097,24559,33530,1
3098,20031,10732,0
3099,13216,2788,0
3100,15481,24211,0
3101,1946,20526,0
3102,27235,20520,1
3103,2562,2613,0
3104,33589,25390,1
3105,19310,18925,0
3106,5170,31438,1
3107,21155,1208,1
3108,33308,17465,0
3109,13475,3934,0
3110,5218,35103,0
3111,8704,33165,1
3112,5331,35226,0
3113,7106,2125,0
3114,4959,17718,1
3115,20031,36132,0
3116,19484,19385,0
3117,1224,32558,1
3118,27586,31430,1
3119,21731,23430,0
3120,33589,6937,0
3121,29139,22659,0
3122,20904,24559,1
3123,8752,36019,1
3124,4046,12659,1
3125,33308,32490,1
3126,138,34258,0
3127,34267,25722,0
3128,29719,7751,1
3129,9301,27534,0
3130,8704,35786,1
3131,15545,5418,0
3132,33466,35123,1
3133,5489,2855,1
3134,21794,1949,1
3135,31263,3965,1
3136,6069,30672,1
3137,8704,16347,1
3138,7751,29971,0
3139,19276,26484,1
3140,8704,20161,1
3141,25869,10813,0
3142,13308,1241,0
3143,33554,29538,0
3144,31013,25842,0
3145,21794,14148,1
3146,5489,2221,1
3147,33466,23759,1
3148,23129,15256,0
3149,27609,16038,0
3150,28344,18355,1
3151,24403,9584,0
3152,28977,21312,0
3153,16153,17496,0
3154,18949,2402,0
3155,9007,15039,0
3156,18529,7167,0
3157,5677,20453,0
3158,5331,26282,1
3159,27942,35522,1
3160,29139,2139,1
3161,29475,12595,0
3162,12790,32947,1
3163,8338,2969,0
3164,35064,13881,0
3165,25759,3671,0
3166,21794,30672,1
3167,10528,8768,0
3168,17385,26363,0
3169,20015,21609,1
3170,29143,14783,0
3171,17169,1808,0
3172,19276,11308,0
3173,3765,7697,1
3174,13308,33308,0
3175,21794,1789,1
3176,31809,7952,1
3177,10504,36256,0
3178,4797,21960,1
3179,35002,23466,1
3180,33466,16954,1
3181,24849,29239,1
3182,30563,14148,1
3183,15968,32133,1
3184,27609,21700,1
3185,33308,34926,1
3186,20015,29890,1
3187,15968,24386,1
3188,28142,378,1
3189,23016,5798,1
3190,13308,19082,0
3191,3765,29185,1
3192,19484,33860,0
3193,15774,20125,0
3194,8777,26253,0
3195,13009,7492,0
3196,21794,16781,1
3197,21794,11647,1
3198,15968,16008,1
3199,12022,7374,0
3200,11010,18737,0
3201,18949,27043,0
3202,15968,31374,1
3203,30827,1619,0
3204,16537,20440,0
3205,12022,29957,0
3206,11972,13111,1
3207,21794,29523,1
3208,23668,3230,0
3209,21794,16428,1
3210,29719,5768,0
3211,14083,32089,0
3212,5873,19983,0
3213,519,12644,1
3214,15481,8524,0
3215,24364,22398,1
3216,12790,10042,1
3217,21794,3936,1
3218,13009,14380,0
3219,6069,2640,1
3220,24849,7035,1
3221,12790,11627,0
3222,23125,20161,1
3223,24383,2085,0
3224,23349,16950,0
3225,23125,31285,1
3226,18085,20342,0
3227,12074,17919,0
3228,29143,26320,0
3229,35786,29030,1
3230,33466,15968,1
3231,20904,9161,0
3232,12626,9321,0
3233,8134,15545,1
3234,19944,24911,0
3235,33308,33005,1
3236,4797,30672,1
3237,21794,31438,1
3238,29139,22380,1
3239,12790,25996,1
3240,28344,6021,1
3241,24364,10573,0
3242,27744,8504,0
3243,18569,14228,1
3244,30609,36082,0
3245,23981,6698,0
3246,5331,22078,1
3247,5489,18850,0
3248,2408,4923,1
3249,2713,32108,0
3250,2828,27948,0
3251,33554,32218,0
3252,24849,26213,1
3253,15774,19070,0
3254,7219,17977,0
3255,29144,8588,1
3256,29144,6311,0
3257,25869,9512,0
3258,32147,21261,0
3259,20031,25288,0
3260,33308,21240,1
3261,3843,5735,0
3262,5170,21088,0
3263,29144,23494,0
3264,1182,8407,1
3265,21794,21447,1
3266,33308,20161,1
3267,31591,29214,0
3268,7051,14243,0
3269,34191,14911,1
3270,8704,12659,1
3271,34191,33253,0
3272,14870,18380,0
3273,33308,28064,1
3274,27586,5748,0
3275,13308,1792,1
3276,29031,33650,0
3277,10591,19610,0
3278,24364,14004,1
3279,21605,33639,1
3280,15968,18266,1
3281,8704,23062,1
3282,21960,11740,0
3283,33454,30890,0
3284,23346,30024,1
3285,12626,1627,1
3286,21794,10915,1
3287,35786,33680,1
3288,17421,31201,0
3289,21794,30528,0
3290,5186,17141,0
3291,11310,13300,1
3292,33308,11445,1
3293,2333,4754,0
3294,32487,1746,0
3295,12790,19922,1
3296,32212,35985,0
3297,18569,21052,1
3298,19944,18686,0
3299,12407,6089,0
3300,1182,20524,1
3301,12407,6855,1
3302,11833,14950,1
3303,20031,18256,0
3304,20499,16495,0
3305,21794,26993,1
3306,14019,21688,1
3307,30554,1948,1
3308,15774,11862,1
3309,10717,3665,0
3310,11820,22915,0
3311,17169,18229,0
3312,20015,16359,1
3313,20499,15679,0
3314,15481,13815,0
3315,25759,2348,0
3316,21794,29975,0
3317,28544,14652,1
3318,6069,35464,1
3319,15341,29798,0
3320,24559,15799,0
3321,20907,35637,1
3322,13308,18750,0
3323,3595,34926,1
3324,29195,29010,1
3325,15285,7693,0
3326,19327,530,0
3327,20807,6399,0
3328,32212,25333,0
3329,12712,4519,0
3330,1182,20521,1
3331,15968,11607,1
3332,28344,34468,1
3333,21785,6705,0
3334,32878,34163,0
3335,3843,25938,0
3336,1182,6171,1
3337,33597,26568,1
3338,12626,19452,1
3339,28344,18666,1
3340,28344,9951,1
3341,12790,8415,1
3342,33466,20676,1
3343,26342,9721,0
3344,30318,22607,0
3345,27609,17466,1
3346,12379,15915,0
3347,8950,31954,0
3348,5873,27427,1
3349,20015,21447,1
3350,1182,32190,1
3351,21794,21844,1
3352,28344,26804,1
3353,15968,27351,1
3354,20031,26544,0
3355,21794,27214,1
3356,19452,26517,1
3357,5170,12716,1
3358,20904,23021,1
3359,15968,26901,1
3360,21924,10035,0
3361,3565,34877,1
3362,15968,3965,1
3363,17562,25807,1
3364,35786,11862,1
3365,8643,22726,0
3366,23014,13503,1
3367,21963,10534,0
3368,8704,15005,1
3369,1473,5525,0
3370,6069,27065,1
3371,21794,16369,1
3372,32455,28255,0
3373,6069,35288,1
3374,10557,17449,0
3375,26388,22553,0
3376,2375,27717,0
3377,1973,28646,0
3378,26342,24993,0
3379,29031,30071,0
3380,7593,24712,0
3381,6069,28306,1
3382,21794,32991,1
3383,3940,6237,0
3384,9301,33931,0
3385,29317,27238,0
3386,2221,691,0
3387,32455,31500,0
3388,12407,13294,0
3389,35637,32697,1
3390,30318,32461,0
3391,11327,15633,0
3392,33597,5002,1
3393,21710,26098,0
3394,23014,31436,0
3395,5331,15074,1
3396,5740,7930,0
3397,6700,26102,1
3398,34024,22142,0
3399,7106,35522,1
3400,12626,21117,1
3401,23016,29651,1
3402,8704,32513,1
3403,33989,33477,0
3404,20015,18565,1
3405,21794,29006,1
3406,21794,16510,1
3407,29144,30672,1
3408,21701,7044,0
3409,24849,31995,1
3410,11010,33314,0
3411,12346,22853,0
3412,11972,27427,1
3413,8704,27479,1
3414,33308,20269,0
3415,8704,15968,1
3416,17562,22728,0
3417,31938,6958,0
3418,21794,20134,1
3419,15968,21331,1
3420,21794,1066,1
3421,12074,14695,0
3422,29475,32389,1
3423,18949,16359,1
3424,19588,8381,0
3425,2315,15080,0
3426,15968,16007,1
3427,8704,13245,1
3428,30563,30533,1
3429,8704,29417,1
3430,16819,19917,0
3431,20015,17456,1
3432,27609,19973,1
3433,34188,12109,0
3434,32487,16978,1
3435,10484,8812,0
3436,5170,29150,1
3437,19361,28005,0
3438,22384,26872,0
3439,10176,15842,0
3440,28344,11997,1
3441,20904,32408,1
3442,12401,30996,0
3443,29143,15898,0
3444,29144,11727,1
3445,519,17420,0
3446,12520,29036,0
3447,15968,26693,1
3448,19452,18918,0
3449,28344,32788,1
3450,24849,2352,0
3451,33308,34283,1
3452,19310,15751,0
3453,34191,22089,1
3454,13309,13308,1
3455,28344,13660,0
3456,17839,31655,0
3457,15968,22524,1
3458,33454,27060,0
3459,8704,17456,1
3460,21794,36137,1
3461,17562,29111,0
3462,23668,10079,1
3463,33308,33674,1
3464,32878,34382,0
3465,1182,28851,1
3466,15545,30152,0
3467,28344,29185,1
3468,23668,24573,0
3469,5331,24894,1
3470,32212,27209,0
3471,8752,17407,0
3472,23014,20019,0
3473,5170,482,1
3474,5218,15081,0
3475,24559,18368,1
3476,10452,9301,1
3477,11667,22046,0
3478,31013,21829,1
3479,2946,31594,1
3480,17839,18226,0
3481,2408,25633,0
3482,138,23632,0
3483,33454,4337,0
3484,19615,15194,0
3485,33308,34493,1
3486,19444,9679,0
3487,5489,29473,0
3488,31591,28664,1
3489,13216,16476,0
3490,1182,11688,1
3491,35660,16162,0
3492,8704,35605,1
3493,24559,3574,0
3494,13475,25540,0
3495,21960,2764,0
3496,33308,28344,1
3497,2828,26269,0
3498,18414,30834,0
3499,23981,19334,0
3500,35201,33530,1
3501,34191,4862,0
3502,15850,14415,0
3503,19276,30755,0
3504,5677,26928,0
3505,2964,19368,0
3506,7711,27435,0
3507,15481,2855,1
3508,5218,12097,1
3509,8704,2269,1
3510,1973,28992,0
3511,19588,15301,0
3512,8704,15625,1
3513,8704,28344,1
3514,6700,23735,1
3515,19310,23306,0
3516,12407,973,0
3517,19944,31540,1
3518,32147,32936,0
3519,12712,35402,0
3520,20015,4325,1
3521,19452,18529,1
3522,4736,28344,1
3523,23990,31732,0
3524,3538,22676,0
3525,6987,3801,0
3526,29317,31054,0
3527,12407,20161,1
3528,20642,31763,0
3529,5331,3936,1
3530,35201,34125,0
3531,29031,6621,0
3532,4736,16003,1
3533,11310,29150,1
3534,30563,18550,1
3535,9021,20161,1
3536,33308,29030,1
3537,18666,6295,1
3538,2333,31762,0
3539,24849,28558,1
3540,15850,31325,0
3541,19615,35522,1
3542,15850,6124,0
3543,19484,4941,0
3544,20015,11688,1
3545,33308,22370,1
3546,15285,32108,0
3547,10143,4427,0
3548,8704,17718,1
3549,10557,19799,0
3550,8950,35343,0
3551,22403,28340,1
3552,8338,5372,0
3553,17630,1260,1
3554,24364,35605,1
3555,34137,19615,1
3556,15968,796,1
3557,25869,6499,0
3558,10484,29890,1
3559,14019,18438,0
3560,20015,28904,1
3561,29031,33165,1
3562,28344,2268,1
3563,16999,2805,0
3564,5170,34097,0
3565,21794,28340,1
3566,20015,8704,1
3567,30563,16290,0
3568,22354,33213,0
3569,4797,21145,0
3570,34137,10110,0
3571,12626,31384,1
3572,16153,20428,0
3573,30583,22721,0
3574,8704,24956,1
3575,28344,24014,1
3576,14262,4319,0
3577,27586,17672,1
3578,17169,21795,1
3579,5186,13185,0
3580,21924,18374,1
3581,29195,25070,0
3582,12401,17017,0
3583,12626,4325,1
3584,24849,27467,1
3585,4959,4254,0
3586,7593,27143,0
3587,3940,33447,0
3588,21794,29111,1
3589,10717,14318,1
3590,35637,16918,1
3591,1182,3146,1
3592,2946,34257,0
3593,21794,17869,1
3594,28977,13304,1
3595,21794,21928,1
3596,17352,175,0
3597,33989,30381,0
3598,11820,1792,0
3599,7751,22384,1
3600,33662,7578,0
3601,33308,20015,1
3602,14870,18584,1
3603,29195,22945,0
3604,11667,21457,0
3605,16537,5700,0
3606,24364,23386,1
3607,13308,3377,0
3608,10528,34305,0
3609,29475,34137,1
3610,8704,2855,1
3611,10557,35054,1
3612,19615,27212,1
3613,28544,23597,1
3614,17385,20726,1
3615,27110,6435,0
3616,28344,18978,1
3617,21947,24559,1
3618,12407,1263,1
3619,11820,13204,1
3620,27586,21527,1
3621,21794,23651,1
3622,19327,35937,0
3623,20642,31024,0
3624,19615,16371,0
3625,33597,9357,0
3626,13216,790,0
3627,35786,4781,1
3628,19615,7697,1
3629,24119,10418,0
3630,17421,10010,0
3631,29139,10183,0
3632,15968,6466,1
3633,23981,19776,0
3634,12790,29107,1
3635,8134,31172,1
3636,7106,15968,1
3637,7071,14432,0
3638,4959,10350,0
3639,23125,24917,0
3640,2315,2860,1
3641,23016,16999,1
3642,5186,1182,1
3643,31591,28307,0
3644,26342,6723,0
3645,2315,2990,1
3646,7219,31035,0
3647,5489,1859,0
3648,6987,28599,0
3649,18529,32124,0
3650,138,32369,0
3651,29364,29986,0
3652,12790,23526,0
3653,3940,19340,0
3654,23125,10854,1
3655,11833,15435,0
3656,12407,30910,1
3657,6069,29025,1
3658,15774,9144,0
3659,21794,34364,1
3660,23125,24334,1
3661,9301,13562,0
3662,8643,14969,0
3663,5740,11315,0
3664,19452,19019,1
3665,920,14238,0
3666,10143,10942,0
3667,33308,33454,1
3668,27609,4753,1
3669,5170,27628,1
3670,21960,6796,0
3671,20015,20161,1
3672,33597,21955,0
3673,24119,15479,0
3674,6700,5575,0
3675,32147,26401,0
3676,2353,4425,0
3677,31591,33467,0
3678,28344,14144,1
3679,31809,19338,1
3680,28544,14873,1
3681,32878,36424,0
3682,3843,18800,0
3683,11193,17496,0
3684,12401,23638,0
3685,27586,25814,1
3686,13732,26436,0
3687,15968,28153,1
3688,24132,4333,1
3689,30563,32955,0
3690,24306,23274,0
3691,2315,34925,1
3692,5873,10317,0
3693,35495,14915,0
3694,18529,4982,0
3695,30827,7471,0
3696,31591,4644,0
3697,11193,22534,0
3698,6705,30257,0
3699,8134,8569,0
3700,29719,8049,1
3701,8338,19576,1
3702,21924,11727,1
3703,21794,10557,1
3704,21794,19444,1
3705,22384,33522,0
3706,9033,34101,0
3707,19452,35786,1
3708,27609,15968,1
3709,27942,33500,0
3710,33308,5170,1
3711,5218,32191,0
3712,24559,2111,0
3713,29580,16369,1
3714,1182,12847,1
3715,33466,29626,1
3716,519,4917,0
3717,22173,8270,0
3718,5334,19635,0
3719,33615,26597,1
3720,27957,29804,0
3721,28344,1842,1
3722,20015,12863,1
3723,21960,30672,1
3724,9033,2437,1
3725,21960,8098,1
3726,5873,37,0
3727,9033,25606,0
3728,23946,15968,1
3729,6166,25361,0
3730,21794,32896,1
3731,26342,18550,0
3732,24849,1928,1
3733,27609,21984,1
3734,11310,19673,0
3735,10528,27297,0
3736,26590,8846,1
3737,1200,15573,0
3738,3595,29527,0
3739,27609,6772,1
3740,16999,27656,1
3741,31591,21827,0
3742,1224,783,0
3743,33613,22812,0
3744,27744,10101,0
3745,23981,5409,0
3746,10557,35786,1
3747,4736,19452,1
3748,22553,18004,0
3749,29144,36031,0
3750,28344,11413,1
3751,11914,14736,0
3752,35002,30478,0
3753,14262,5852,0
3754,3595,29446,0
3755,22403,14541,0
3756,33308,22089,1
3757,8704,33534,1
3758,33597,804,1
3759,7106,9800,0
3760,14226,3519,0
3761,1182,5059,0
3762,12407,3843,0
3763,21794,12716,1
3764,15481,13741,0
3765,17169,15569,0
3766,34024,21284,0
3767,9021,23472,0
3768,18666,5137,1
3769,13216,27730,0
3770,12712,20507,0
3771,22354,32662,0
3772,24849,32558,1
3773,10557,20676,1
3774,33158,16135,0
3775,32878,7841,0
3776,24132,14160,1
3777,20015,16347,1
3778,12626,34975,0
3779,31938,22055,1
3780,20904,18368,1
3781,9301,34151,0
3782,15968,11784,0
3783,20015,6025,0
3784,9033,1941,0
3785,20015,11997,1
3786,11291,6231,0
3787,32455,29616,0
3788,5489,83,1
3789,23129,25936,0
3790,1182,20904,1
3791,4736,3188,0
3792,13308,22489,0
3793,17169,25635,1
3794,20904,9997,1
3795,33308,32455,1
3796,5331,6374,1
3797,33308,29185,1
3798,29139,18148,1
3799,24849,20753,1
3800,138,4185,0
3801,17385,15699,0
3802,33308,25432,1
3803,10143,20955,0
3804,11310,6977,0
3805,6772,11426,1
3806,2964,11729,0
3807,14019,35427,0
3808,30563,20735,0
3809,35637,16911,0
3810,5331,24559,1
3811,29356,35287,0
3812,21794,5802,1
3813,31013,21844,1
3814,17169,25982,1
3815,33466,18970,0
3816,31860,1761,1
3817,18666,15868,1
3818,35002,21937,0
3819,4797,18783,0
3820,2221,8246,0
3821,30563,1405,1
3822,24403,35629,0
3823,519,3595,1
3824,8359,12478,0
3825,11327,1556,0
3826,29143,18148,1
3827,8338,16213,0
3828,5331,32447,1
3829,19588,5706,0
3830,24849,31299,1
3831,3595,15274,1
3832,33554,7786,0
3833,23990,29952,0
3834,31809,3649,1
3835,20904,8472,1
3836,11914,18940,0
3837,24559,30533,1
3838,20904,32558,1
3839,27957,29623,1
3840,20031,17193,0
3841,25869,25885,1
3842,2315,34364,1
3843,6700,10689,1
3844,30940,25289,0
3845,18414,29962,0
3846,17630,3664,0
3847,27235,12983,0
3848,31540,16408,0
3849,29143,22078,1
3850,18529,7903,0
3851,18085,8213,0
3852,29356,33365,0
3853,11413,4925,1
3854,3940,26003,0
3855,19615,18374,1
3856,3565,7265,0
3857,35607,20288,0
3858,14129,10733,0
3859,31809,36251,1
3860,33308,32689,1
3861,30563,25838,0
3862,29031,32514,0
3863,18529,11984,0
3864,4046,13245,1
3865,24559,23032,0
3866,12626,24021,1
3867,33308,27981,1
3868,15850,16542,0
3869,31809,27734,1
3870,12407,1853,1
3871,2191,24844,0
3872,10484,4653,0
3873,5170,522,0
3874,3565,31010,0
3875,12520,9691,0
3876,5331,34291,1
3877,27586,26092,0
3878,32487,22567,0
3879,19310,746,0
3880,15271,25635,1
3881,8704,27360,1
3882,8704,22595,1
3883,12520,35296,0
3884,22666,17582,1
3885,22173,21794,1
3886,6705,31517,0
3887,24849,32118,0
3888,5170,24458,0
3889,10452,11613,1
3890,17169,4643,0
3891,26590,34767,0
3892,19310,11638,0
3893,27586,14567,0
3894,9301,20748,0
3895,10717,11917,0
3896,920,3413,0
3897,24364,21770,0
3898,12407,24688,0
3899,15968,10559,1
3900,16819,5369,0
3901,30563,14004,1
3902,2353,25526,0
3903,17421,12578,0
3904,21794,33990,1
3905,35108,8364,0
3906,11010,14870,1
3907,20904,10441,1
3908,8704,13817,1
3909,33308,6039,1
3910,30827,16673,0
3911,10557,27397,1
3912,16999,29031,1
3913,29144,25891,1
3914,6772,7825,0
3915,5740,6716,0
3916,30940,4029,0
3917,20904,16222,0
3918,26590,16009,0
3919,21785,14555,0
3920,6772,29616,0
3921,31938,1408,0
3922,14019,36530,0
3923,24849,14295,1
3924,8704,14316,0
3925,2753,17561,0
3926,8752,11299,1
3927,35786,11997,1
3928,20031,6385,0
3929,21794,7529,1
3930,21794,27351,1
3931,21794,33473,1
3932,29195,7308,1
3933,33597,19245,1
3934,15968,33308,1
3935,20031,1480,0
3936,1182,28904,1
3937,24132,6107,0
3938,553,31276,1
3939,7106,13989,1
3940,24306,12082,0
3941,30563,32045,1
3942,12626,22293,0
3943,15285,28797,0
3944,8704,20509,1
3945,33775,14470,0
3946,30827,28683,0
3947,6772,18539,0
3948,10796,3028,0
3949,12401,31978,0
3950,29144,28851,1
3951,35002,29918,0
3952,13302,20499,1
3953,35637,26868,0
3954,29364,30583,1
3955,27586,34926,1
3956,28142,29920,0
3957,2375,36321,0
3958,19444,10209,1
3959,8704,30393,0
3960,24559,12847,1
3961,19615,10910,0
3962,11667,31259,0
3963,20907,645,1
3964,19452,25759,0
3965,24364,24570,1
3966,27609,18140,1
3967,13009,12370,1
3968,13009,20793,0
3969,3843,11285,0
3970,19361,30731,0
3971,35002,6700,1
3972,21605,29400,0
3973,33597,26502,0
3974,15968,6559,1
3975,27586,12801,1
3976,22384,26418,1
3977,6700,16262,1
3978,29719,30967,1
3979,10557,23929,1
3980,5186,22078,1
3981,5331,33530,1
3982,2221,23459,0
3983,25869,14004,1
3984,28344,607,1
3985,6700,15541,0
3986,5331,14497,1
3987,11310,29654,1
3988,17385,19295,0
3989,6166,30444,0
3990,12074,26251,0
3991,20642,30811,0
3992,31397,32722,0
3993,20904,7759,1
3994,19452,13596,1
3995,1946,3857,1
3996,10452,12121,1
3997,15285,27502,0
3998,30563,17077,1
3999,5331,28344,1
4000,21794,11874,1
4001,17869,26252,0
4002,23125,13817,1
4003,13237,29010,1
4004,3538,13548,0
4005,15968,219,1
4006,5331,36435,1
4007,11914,2112,0
4008,24849,30276,0
4009,35607,31849,0
4010,30940,18888,0
4011,5331,7013,1
4012,20499,36535,0
4013,28344,23217,1
4014,10504,19432,1
4015,23346,29890,1
4016,29326,17754,0
4017,519,28024,1
4018,20015,18949,1
4019,4797,20161,1
4020,21794,5805,1
4021,7106,2150,1
4022,21794,29107,1
4023,27835,9232,0
4024,33466,32158,1
4025,33597,34364,1
4026,30583,35754,0
4027,18949,32717,0
4028,24849,1788,1
4029,27609,6990,1
4030,17421,5161,0
4031,15341,28874,0
4032,4797,35348,0
4033,28344,11113,0
4034,29356,27861,0
4035,23946,35637,1
4036,1182,19548,1
4037,5170,11142,1
4038,32245,2860,1
4039,17169,6249,0
4040,24559,15968,1
4041,21794,35786,1
4042,12790,30672,1
4043,21794,23597,1
4044,12407,1237,1
4045,24403,25522,1
4046,35660,31290,0
4047,12790,21943,1
4048,8777,29657,0
4049,6700,15285,1
4050,8338,31804,0
4051,10452,27081,0
4052,30583,9217,0
4053,27609,33438,1
4054,21947,14091,1
4055,29719,11329,0
4056,1973,13881,1
4057,10557,24364,1
4058,6069,5348,0
4059,10591,35786,1
4060,7071,6545,0
4061,4046,4725,1
4062,8338,28313,0
4063,20015,28853,1
4064,7697,12185,0
4065,18085,29430,0
4066,16153,24451,0
4067,29144,29378,0
4068,22666,22380,1
4069,21794,18368,1
4070,2315,33753,1
4071,1182,10717,1
4072,21924,11120,0
4073,21924,36132,0
4074,15341,32332,0
4075,20015,21923,1
4076,8643,7331,0
4077,2964,2122,0
4078,11813,3295,0
4079,33308,1182,1
4080,35108,3978,0
4081,4959,16374,0
4082,5331,1214,1
4083,24364,12274,1
4084,17385,28544,1
4085,11813,8837,0
4086,9033,13871,0
4087,31397,34188,1
4088,23014,12348,0
4089,24132,11696,0
4090,4046,20509,1
4091,28344,3808,1
4092,14019,31143,0
4093,17169,23056,0
4094,138,13752,0
4095,10504,1194,0
4096,5331,25891,1
4097,20015,11862,1
4098,13308,12656,0
4099,29195,1293,0
4100,2221,3000,0
4101,20904,939,1
4102,34191,17200,0
4103,4959,4793,0
4104,24559,26953,0
4105,12022,1025,0
4106,32491,19804,0
4107,31860,25538,1
4108,10484,20220,0
4109,1182,17718,1
4110,16153,14936,1
4111,19615,23759,1
4112,12407,18104,1
4113,22666,15368,1
4114,24849,338,1
4115,21605,1226,0
4116,7051,20522,1
4117,27609,21675,1
4118,26693,19589,0
4119,7508,20472,0
4120,15285,537,0
4121,22354,7084,0
4122,29144,34830,1
4123,12022,16270,0
4124,32212,11477,0
